filename,score
IMG20240120100113.jpg,9
IMG20240123091143.jpg,7
IMG20240124124726.jpg,6
IMG20240124124722.jpg,6
1000212453.jpg,9
IMG20240124115657.jpg,6
IMG20240127092834.jpg,5
IMG20240127104106.jpg,5
IMG20240124104106.jpg,6
IMG20240123110213.jpg,6
IMG20240123091108.jpg,7
IMG20240124150718.jpg,6
IMG_20240122_145210.jpg,7
IMG20240121124439.jpg,7
IMG20240121091721.jpg,8
IMG20240124112947.jpg,6
IMG20240123122020.jpg,6
IMG20240120101900.jpg,8
IMG_20240128_123207.jpg,3
IMG20240120145953.jpg,8
IMG20240121122414.jpg,7
IMG20240126110931.jpg,6
IMG20240129122545.jpg,2
IMG_20240122_135557.jpg,7
IMG_20240125_130831.jpg,6
IMG_20240128_115050.jpg,4
IMG_20240128_100339.jpg,3
IMG20240129100425.jpg,2
IMG20240127095133.jpg,4
IMG_20240128_100515.jpg,3
IMG_20240125_120339.jpg,5
IMG20240126112821.jpg,4
IMG20240120110936.jpg,9
IMG20240129092508.jpg,4
IMG_20240128_115039.jpg,4
IMG20240129103914.jpg,2
IMG20240127103846.jpg,5
IMG20240124143355.jpg,6
IMG20240126092646.jpg,4
IMG20240119115920.jpg,9
IMG20240127095144.jpg,4
IMG20240127134535.jpg,5
IMG_20240122_094637.jpg,7
IMG_20240122_122558.jpg,7
IMG20240119152013.jpg,9
IMG20240124115508.jpg,6
IMG20240124094747.jpg,6
IMG20240126144220.jpg,5
IMG20240121115023.jpg,8
IMG_20240122_094458.jpg,7
IMG_20240122_135715.jpg,7
IMG20240120113321.jpg,8
IMG20240126144156.jpg,5
IMG_20240128_135845.jpg,4
IMG20240127103858.jpg,5
IMG_20240122_122301.jpg,7
IMG_20240122_154308.jpg,7
IMG20240126101940.jpg,4
IMG20240119154223.jpg,9
IMG_20240122_101421.jpg,7
IMG20240126100247.jpg,6
IMG20240119123225.jpg,9
IMG20240123091149.jpg,7
IMG20240121094238.jpg,7
IMG_20240128_105529.jpg,2
IMG_20240128_100417.jpg,3
IMG20240120113457.jpg,8
IMG20240124104130.jpg,6
IMG20240129100348.jpg,2
IMG_20240128_094645.jpg,2
IMG20240126105033.jpg,5
IMG20240126142330.jpg,4
IMG20240126142259.jpg,4
IMG20240124141254.jpg,6
IMG20240123101359.jpg,7
IMG20240124101710.jpg,6
IMG_20240125_102829.jpg,6
IMG_20240125_112457.jpg,6
IMG20240126144131.jpg,5
IMG20240120113413.jpg,8
IMG_20240125_120312.jpg,5
IMG_20240128_110947.jpg,3
IMG_20240122_122517.jpg,7
IMG20240123145108.jpg,6
IMG20240120145957.jpg,8
IMG20240129122626.jpg,2
IMG20240121091420.jpg,8
IMG20240119155846.jpg,9
IMG20240124101756.jpg,6
IMG20240120115544.jpg,9
IMG20240120102018.jpg,8
IMG20240129094407.jpg,2
IMG20240126140442.jpg,6
IMG_20240128_144412.jpg,3
IMG20240120101955.jpg,8
IMG_20240125_132720.jpg,5
IMG20240124101729.jpg,6
IMG20240129122510.jpg,2
IMG_20240125_112527.jpg,6
IMG20240126112837.jpg,4
IMG20240129141028.jpg,4
IMG20240123110115.jpg,6
1000212432.jpg,9
IMG20240129140907.jpg,4
IMG20240126111004.jpg,6
IMG_20240122_152808.jpg,6
IMG_20240125_094613.jpg,5
IMG_20240125_120318.jpg,5
IMG_20240125_120425.jpg,5
IMG20240119155732.jpg,9
IMG20240123110237.jpg,6
IMG20240127142419.jpg,4
IMG20240126140407.jpg,6
IMG_20240125_104909.jpg,5
IMG20240124111137.jpg,6
IMG_20240128_092036.jpg,4
IMG20240121115156.jpg,8
IMG_20240128_121049.jpg,2
IMG20240121110224.jpg,7
IMG20240129094401.jpg,2
1000212464.jpg,9
IMG20240123142932.jpg,6
IMG20240119155641.jpg,9
IMG20240129103900.jpg,2
IMG_20240128_114902.jpg,4
IMG20240124143421.jpg,6
1000212451.jpg,9
IMG20240121124505.jpg,7
IMG20240123101527.jpg,7
IMG20240121091411.jpg,8
IMG_20240122_145636.jpg,7
IMG_20240122_115836.jpg,7
IMG20240129105828.jpg,2
IMG20240127101653.jpg,4
IMG_20240125_135358.jpg,5
IMG20240126101954.jpg,4
IMG20240119122459.jpg,9
IMG20240120151216.jpg,8
IMG_20240122_122610.jpg,7
IMG20240119124458.jpg,9
IMG20240120150006.jpg,8
IMG20240129143348.jpg,2
IMG20240129094232.jpg,2
IMG_20240128_144424.jpg,3
IMG20240120125343.jpg,8
IMG_20240125_135544.jpg,5
IMG20240126112908.jpg,4
IMG_20240125_132645.jpg,5
IMG20240129102038.jpg,4
IMG_20240128_120921.jpg,2
IMG20240129105900.jpg,2
IMG20240127141541.jpg,4
IMG20240129112002.jpg,4
IMG20240120145832.jpg,8
IMG20240127134717.jpg,5
IMG_20240125_135406.jpg,5
IMG_20240128_091739.jpg,4
IMG20240124115611.jpg,6
IMG20240123101457.jpg,7
IMG20240121112802.jpg,8
IMG20240123095216.jpg,6
IMG20240126100316.jpg,6
IMG20240124091939.jpg,6
IMG_20240122_154519.jpg,7
IMG20240129094341.jpg,2
IMG20240126142357.jpg,4
IMG20240129125641.jpg,2
IMG_20240128_142233.jpg,2
IMG20240123121848.jpg,6
IMG20240121122402.jpg,7
IMG_20240128_142332.jpg,2
IMG20240123143037.jpg,6
IMG20240121100434.jpg,8
IMG_20240128_102748.jpg,4
IMG_20240125_120214.jpg,5
IMG20240123145255.jpg,6
IMG20240123140154.jpg,6
IMG_20240128_121159.jpg,2
IMG20240127120320.jpg,4
IMG20240127122057.jpg,4
IMG20240129101956.jpg,4
IMG20240127093039.jpg,5
IMG20240121124739.jpg,7
IMG20240120125351.jpg,8
IMG20240127134932.jpg,5
IMG20240123115610.jpg,6
IMG_20240125_094618.jpg,5
IMG_20240125_120332.jpg,5
IMG20240126094452.jpg,5
IMG20240126142242.jpg,4
IMG20240119155905.jpg,9
IMG20240120100241.jpg,9
IMG20240123103434.jpg,6
IMG_20240128_140047.jpg,4
IMG20240129100439.jpg,2
IMG20240127134929.jpg,5
IMG_20240122_112930.jpg,7
IMG20240121112516.jpg,8
IMG20240123101524.jpg,7
IMG_20240122_094509.jpg,7
IMG20240129125743.jpg,2
IMG20240124091929.jpg,6
IMG20240124104142.jpg,6
IMG_20240128_115021.jpg,4
IMG20240123091018.jpg,7
IMG20240119123101.jpg,9
IMG20240126091009.jpg,6
IMG20240120132157.jpg,8
IMG20240124143139.jpg,6
IMG20240120125254.jpg,8
IMG20240123091116.jpg,7
IMG_20240122_101354.jpg,7
IMG20240119123209.jpg,9
IMG20240123115707.jpg,6
IMG_20240128_142522.jpg,2
IMG20240129104010.jpg,2
IMG20240124141323.jpg,6
IMG20240120151205.jpg,8
IMG20240127142330.jpg,4
IMG20240121094228.jpg,7
IMG_20240128_114839.jpg,4
IMG_20240125_092652.jpg,6
IMG_20240128_105332.jpg,2
IMG_20240125_120351.jpg,5
IMG20240124141241.jpg,6
IMG20240124141329.jpg,6
IMG20240129112004.jpg,4
IMG_20240128_121215.jpg,2
IMG20240123145102.jpg,6
IMG20240123121857.jpg,6
IMG20240121124840.jpg,7
IMG20240129125653.jpg,2
IMG20240120115459.jpg,9
IMG20240127095259.jpg,4
IMG20240126112839.jpg,4
IMG20240129143334.jpg,2
IMG_20240128_114858.jpg,4
IMG20240121122525.jpg,7
IMG20240120103454.jpg,9
IMG20240121115504.jpg,8
IMG20240124141237.jpg,6
IMG20240126094403.jpg,5
IMG20240124091910.jpg,6
IMG20240129102048.jpg,4
IMG20240129092557.jpg,4
IMG20240124101613.jpg,6
IMG20240120130401.jpg,8
IMG_20240128_123224.jpg,3
IMG20240129111943.jpg,4
IMG20240126110851.jpg,6
IMG20240127095327.jpg,4
IMG20240129122538.jpg,2
IMG_20240125_133000.jpg,5
IMG20240129143207.jpg,2
IMG20240124115539.jpg,6
IMG20240127122134.jpg,4
IMG20240120125221.jpg,8
IMG20240120113611.jpg,8
IMG_20240122_101256.jpg,7
IMG_20240122_152753.jpg,6
IMG20240120131929.jpg,8
IMG20240127120217.jpg,4
IMG_20240122_094717.jpg,7
IMG20240127095149.jpg,4
IMG20240129094304.jpg,2
IMG_20240128_140054.jpg,4
IMG20240120151355.jpg,8
IMG_20240122_153119.jpg,6
IMG20240126144326.jpg,5
IMG20240119124210.jpg,9
IMG20240127142334.jpg,4
IMG_20240122_152824.jpg,6
IMG20240126140346.jpg,6
IMG20240121141343.jpg,8
IMG_20240128_111030.jpg,3
IMG_20240128_142535.jpg,2
IMG_20240122_154300.jpg,7
IMG20240129125613.jpg,2
IMG20240127095109.jpg,4
IMG_20240128_110925.jpg,3
IMG20240129145454.jpg,2
IMG20240127103955.jpg,5
IMG20240124091737.jpg,6
IMG_20240128_094755.jpg,2
IMG20240123110105.jpg,6
IMG20240123115618.jpg,6
IMG_20240125_102612.jpg,6
IMG_20240122_142355.jpg,6
IMG20240121122353.jpg,7
IMG_20240125_135434.jpg,5
IMG_20240128_144431.jpg,3
IMG20240121103015.jpg,8
IMG_20240122_144953.jpg,7
IMG20240120113344.jpg,8
IMG_20240122_152836.jpg,6
IMG20240120103442.jpg,9
IMG20240129122633.jpg,2
1000212426.jpg,9
IMG20240129145350.jpg,2
IMG20240121124715.jpg,7
IMG20240123095200.jpg,6
IMG_20240125_102810.jpg,6
IMG_20240122_112902.jpg,7
IMG20240127142408.jpg,4
IMG20240129102032.jpg,4
IMG20240127101718.jpg,4
IMG20240121144501.jpg,7
IMG_20240122_142154.jpg,6
IMG_20240125_135257.jpg,5
IMG_20240125_112617.jpg,6
IMG20240124113021.jpg,6
IMG20240129094254.jpg,2
IMG20240120134630.jpg,8
IMG_20240128_102523.jpg,4
IMG_20240128_100454.jpg,3
IMG20240124101518.jpg,6
IMG20240120132132.jpg,8
IMG_20240122_153126.jpg,6
IMG_20240122_104545.jpg,7
IMG20240123093130.jpg,6
IMG_20240125_094716.jpg,5
IMG20240127120235.jpg,4
IMG20240120115443.jpg,9
1000212431.jpg,9
IMG20240121115130.jpg,8
IMG20240121141448.jpg,8
IMG20240127141606.jpg,4
IMG20240119151909.jpg,9
IMG20240120100142.jpg,9
IMG20240123145308.jpg,6
IMG20240121122608.jpg,7
IMG20240126112904.jpg,4
IMG20240129111916.jpg,4
IMG20240121094400.jpg,7
IMG_20240125_114518.jpg,5
IMG_20240125_092828.jpg,6
IMG20240126090959.jpg,6
IMG20240126102108.jpg,4
IMG20240124094837.jpg,6
IMG_20240128_094634.jpg,2
IMG20240129102108.jpg,4
IMG20240123115746.jpg,6
IMG20240121141553.jpg,8
IMG20240121112533.jpg,8
IMG_20240122_094630.jpg,7
IMG_20240125_132900.jpg,5
IMG_20240122_142207.jpg,6
IMG20240119124439.jpg,9
IMG20240127101705.jpg,4
IMG_20240128_123350.jpg,3
IMG20240121100317.jpg,8
IMG20240126092627.jpg,4
IMG_20240125_094656.jpg,5
IMG20240120100321.jpg,9
IMG_20240125_120437.jpg,5
IMG20240126094551.jpg,5
IMG20240119124727.jpg,9
IMG20240126144228.jpg,5
IMG20240124101657.jpg,6
IMG_20240128_121056.jpg,2
IMG20240127095122.jpg,4
IMG20240126105044.jpg,5
IMG20240129111948.jpg,4
IMG20240129092549.jpg,4
IMG_20240125_135501.jpg,5
IMG20240123140046.jpg,6
IMG_20240125_120359.jpg,5
IMG20240124143124.jpg,6
1000212430.jpg,9
IMG_20240128_100404.jpg,3
IMG20240119121445.jpg,9
IMG20240129145325.jpg,2
IMG20240129094330.jpg,2
IMG_20240125_130936.jpg,6
IMG_20240128_114939.jpg,4
IMG_20240122_120041.jpg,7
IMG_20240125_132755.jpg,5
IMG20240124115551.jpg,6
IMG20240124104235.jpg,6
IMG20240120131913.jpg,8
IMG20240126094441.jpg,5
IMG20240129105922.jpg,2
IMG_20240125_114607.jpg,5
IMG_20240122_152718.jpg,6
IMG_20240122_154610.jpg,7
IMG_20240122_122218.jpg,7
IMG20240124121957.jpg,6
IMG20240119155717.jpg,9
IMG_20240128_121117.jpg,2
IMG20240121091745.jpg,8
IMG_20240125_102559.jpg,6
IMG20240127141624.jpg,4
IMG20240123115702.jpg,6
IMG20240126092652.jpg,4
IMG20240127142319.jpg,4
IMG20240120134617.jpg,8
IMG20240129092601.jpg,4
IMG20240120100216.jpg,9
IMG_20240128_102611.jpg,4
IMG_20240122_094704.jpg,7
IMG20240123121854.jpg,6
IMG20240120144539.jpg,8
IMG20240120145904.jpg,8
IMG20240119152232.jpg,9
IMG20240127112220.jpg,4
IMG20240120145901.jpg,8
IMG20240126094557.jpg,5
IMG20240121115148.jpg,8
IMG20240127093044.jpg,5
IMG20240126144306.jpg,5
IMG_20240122_094654.jpg,7
IMG_20240128_144207.jpg,3
IMG20240121112546.jpg,8
IMG20240124113027.jpg,6
IMG20240121103223.jpg,8
IMG20240126112815.jpg,4
IMG20240120102002.jpg,8
IMG20240120101925.jpg,8
IMG20240123115652.jpg,6
IMG20240127112223.jpg,4
IMG_20240128_114845.jpg,4
IMG20240123142942.jpg,6
IMG_20240125_100808.jpg,5
IMG_20240122_122227.jpg,7
IMG20240129141035.jpg,4
IMG20240123093228.jpg,6
IMG20240119155831.jpg,9
IMG20240127103946.jpg,5
IMG20240124150916.jpg,6
IMG20240123115712.jpg,6
IMG20240129125650.jpg,2
IMG20240126144247.jpg,5
IMG_20240125_120145.jpg,5
IMG20240129103933.jpg,2
IMG20240126140322.jpg,6
IMG_20240122_122546.jpg,7
IMG20240123091139.jpg,7
IMG_20240122_115405.jpg,7
IMG20240119152158.jpg,9
IMG20240129102042.jpg,4
IMG20240120115342.jpg,9
IMG20240129140914.jpg,4
IMG20240126112859.jpg,4
IMG_20240125_110737.jpg,5
IMG_20240128_123319.jpg,3
IMG20240124115521.jpg,6
IMG20240120125228.jpg,8
IMG20240127095112.jpg,4
IMG20240124122111.jpg,6
IMG20240124124752.jpg,6
IMG20240121100403.jpg,8
IMG20240123143002.jpg,6
IMG20240120134850.jpg,8
IMG_20240122_135754.jpg,7
IMG_20240125_112623.jpg,6
IMG_20240128_100329.jpg,3
IMG_20240128_123333.jpg,3
IMG20240126094548.jpg,5
IMG20240120132137.jpg,8
IMG_20240122_113009.jpg,7
IMG20240124094919.jpg,6
IMG_20240122_112817.jpg,7
IMG20240124141439.jpg,6
IMG20240129094315.jpg,2
IMG20240121122622.jpg,7
IMG20240126100322.jpg,6
IMG_20240128_105351.jpg,2
IMG_20240122_154422.jpg,7
IMG20240129104018.jpg,2
IMG20240124111150.jpg,6
IMG_20240128_111108.jpg,3
IMG20240124143230.jpg,6
IMG20240127143240.jpg,4
IMG_20240128_115001.jpg,4
IMG_20240125_110746.jpg,5
IMG20240127101830.jpg,4
IMG20240120103549.jpg,9
IMG20240127120303.jpg,4
IMG20240119153856.jpg,9
IMG20240121144610.jpg,7
IMG20240126105050.jpg,5
IMG20240129111957.jpg,4
IMG20240123101501.jpg,7
IMG20240123143014.jpg,6
1000212420.jpg,9
IMG20240121112612.jpg,8
IMG20240126090928.jpg,6
IMG20240123145223.jpg,6
IMG20240120151335.jpg,8
IMG20240120145851.jpg,8
IMG_20240128_100534.jpg,3
IMG20240127122107.jpg,4
IMG20240127141642.jpg,4
IMG20240119121203.jpg,9
1000212450.jpg,9
IMG20240126142239.jpg,4
IMG20240123142916.jpg,6
IMG20240127134734.jpg,5
IMG20240124113106.jpg,6
IMG_20240122_152927.jpg,6
IMG20240120101855.jpg,8
IMG20240129125558.jpg,2
IMG20240127141627.jpg,4
IMG_20240128_094617.jpg,2
IMG_20240125_132940.jpg,5
IMG_20240128_144241.jpg,3
IMG20240119160011.jpg,9
IMG20240127112230.jpg,4
IMG20240129145418.jpg,2
IMG20240121110105.jpg,7
IMG_20240122_142124.jpg,6
IMG20240124141525.jpg,6
IMG20240127120157.jpg,4
IMG_20240128_094745.jpg,2
IMG20240121094206.jpg,7
IMG_20240122_135604.jpg,7
IMG20240120101916.jpg,8
IMG_20240128_102543.jpg,4
IMG20240129111955.jpg,4
IMG20240121122547.jpg,7
IMG20240129103923.jpg,2
IMG20240120102004.jpg,8
IMG20240127122120.jpg,4
IMG20240127104043.jpg,5
IMG20240121102849.jpg,8
IMG_20240122_094620.jpg,7
IMG20240123121923.jpg,6
IMG20240129105932.jpg,2
IMG20240126101943.jpg,4
IMG_20240122_112806.jpg,7
IMG20240119153925.jpg,9
IMG_20240122_115824.jpg,7
IMG_20240128_121035.jpg,2
1000212456.jpg,9
IMG_20240122_145424.jpg,7
IMG_20240128_135927.jpg,4
IMG20240127095316.jpg,4
IMG20240123091157.jpg,7
IMG20240119151739.jpg,9
IMG20240123121927.jpg,6
IMG20240126111002.jpg,6
IMG_20240128_135937.jpg,4
IMG20240123093143.jpg,6
IMG20240127134918.jpg,5
IMG20240123093103.jpg,6
IMG_20240125_100644.jpg,5
IMG20240126140353.jpg,6
IMG20240124104154.jpg,6
IMG_20240128_135921.jpg,4
IMG20240119123216.jpg,9
IMG20240127095203.jpg,4
IMG_20240128_102529.jpg,4
IMG20240129103910.jpg,2
IMG_20240122_145109.jpg,7
IMG20240126102111.jpg,4
IMG_20240122_094530.jpg,7
IMG_20240125_135444.jpg,5
IMG20240124091801.jpg,6
IMG20240123101519.jpg,7
IMG_20240125_102755.jpg,6
IMG20240123121907.jpg,6
IMG20240123103451.jpg,6
IMG20240121144518.jpg,7
IMG_20240125_110752.jpg,5
IMG20240121110235.jpg,7
IMG20240121110311.jpg,7
IMG20240124111038.jpg,6
IMG_20240128_100428.jpg,3
IMG20240129143345.jpg,2
IMG20240123110248.jpg,6
IMG_20240128_144126.jpg,3
IMG_20240125_092719.jpg,6
IMG20240124143332.jpg,6
IMG_20240125_105058.jpg,5
IMG_20240128_092010.jpg,4
IMG20240119124132.jpg,9
IMG20240124115642.jpg,6
IMG_20240128_115012.jpg,4
IMG20240126110907.jpg,6
IMG20240123121913.jpg,6
IMG_20240128_123325.jpg,3
IMG20240127112129.jpg,4
IMG20240126090943.jpg,6
IMG20240124094931.jpg,6
IMG_20240122_154359.jpg,7
IMG20240124111214.jpg,6
IMG_20240128_105535.jpg,2
IMG20240120113409.jpg,8
IMG20240129140951.jpg,4
IMG_20240122_142114.jpg,6
IMG20240127120312.jpg,4
IMG_20240128_144347.jpg,3
IMG20240124091742.jpg,6
IMG20240123110245.jpg,6
IMG20240124122033.jpg,6
IMG20240126094600.jpg,5
IMG20240129112008.jpg,4
IMG20240121122452.jpg,7
IMG20240123103519.jpg,6
IMG20240129102119.jpg,4
IMG20240119153932.jpg,9
1000212444.jpg,9
IMG_20240122_112758.jpg,7
IMG20240124113038.jpg,6
IMG20240126102025.jpg,4
IMG20240121094107.jpg,7
IMG20240129111926.jpg,4
IMG20240129141000.jpg,4
IMG_20240125_105046.jpg,5
1000212414.jpg,9
IMG20240123114025.jpg,6
IMG20240121124433.jpg,7
IMG20240123103529.jpg,6
IMG20240123103440.jpg,6
IMG_20240122_145203.jpg,7
IMG_20240122_154615.jpg,7
IMG20240129140928.jpg,4
IMG20240123114051.jpg,6
IMG_20240125_132803.jpg,5
IMG20240120100131.jpg,9
IMG20240120144509.jpg,8
IMG20240126140446.jpg,6
IMG20240126092607.jpg,4
IMG20240120101919.jpg,8
IMG20240126090936.jpg,6
IMG20240120110947.jpg,9
IMG20240126100250.jpg,6
IMG20240129125623.jpg,2
IMG20240127114434.jpg,5
IMG_20240125_094601.jpg,5
IMG20240121091656.jpg,8
IMG_20240122_135828.jpg,7
IMG20240127093009.jpg,5
IMG20240123143041.jpg,6
IMG_20240125_135600.jpg,5
IMG_20240122_104602.jpg,7
IMG20240124150722.jpg,6
IMG_20240122_094522.jpg,7
IMG_20240125_120256.jpg,5
IMG20240129143255.jpg,2
IMG_20240125_104949.jpg,5
IMG20240119121953.jpg,9
IMG_20240128_102630.jpg,4
IMG20240127141501.jpg,4
IMG20240119155736.jpg,9
IMG20240124143340.jpg,6
IMG20240120100324.jpg,9
IMG20240127114538.jpg,5
IMG20240120113615.jpg,8
IMG_20240128_091828.jpg,4
IMG20240120115606.jpg,9
IMG_20240122_122622.jpg,7
IMG20240124115518.jpg,6
IMG20240127114339.jpg,5
IMG20240129094349.jpg,2
IMG_20240125_120304.jpg,5
IMG20240119123152.jpg,9
IMG20240121094212.jpg,7
IMG20240127142249.jpg,4
IMG_20240122_152736.jpg,6
IMG20240127114614.jpg,5
IMG20240129100428.jpg,2
IMG_20240125_114625.jpg,5
IMG20240127120223.jpg,4
IMG_20240125_104920.jpg,5
IMG20240126102012.jpg,4
IMG20240120115456.jpg,9
IMG20240123143026.jpg,6
IMG_20240128_102640.jpg,4
IMG20240127134548.jpg,5
IMG20240124104247.jpg,6
IMG20240124115548.jpg,6
IMG_20240122_101125.jpg,7
IMG20240129103920.jpg,2
IMG20240120134500.jpg,8
IMG20240123103503.jpg,6
IMG20240119120423.jpg,9
IMG_20240122_145150.jpg,7
IMG_20240128_142543.jpg,2
IMG20240121112735.jpg,8
IMG20240123121958.jpg,6
IMG20240126100331.jpg,6
IMG_20240125_114700.jpg,5
IMG20240124091830.jpg,6
IMG20240120103438.jpg,9
IMG20240124143235.jpg,6
IMG20240129140943.jpg,4
IMG20240121144549.jpg,7
IMG20240127122039.jpg,4
IMG20240129110048.jpg,2
IMG20240126102050.jpg,4
IMG20240126100233.jpg,6
IMG_20240125_110800.jpg,5
IMG_20240122_145408.jpg,7
IMG20240127121956.jpg,4
IMG20240129145442.jpg,2
IMG_20240122_153034.jpg,7
IMG20240127120306.jpg,4
IMG20240126114521.jpg,5
IMG_20240122_120006.jpg,7
IMG20240126114455.jpg,5
IMG_20240128_102717.jpg,4
IMG20240126112755.jpg,4
IMG20240120110907.jpg,9
IMG20240120115547.jpg,9
IMG20240124124639.jpg,6
IMG20240119152037.jpg,9
IMG20240129102002.jpg,4
IMG_20240128_105341.jpg,2
IMG20240129124032.jpg,2
IMG_20240122_142317.jpg,6
IMG20240123114122.jpg,6
IMG20240124113140.jpg,6
IMG_20240128_142514.jpg,2
IMG_20240125_120418.jpg,5
IMG20240120134533.jpg,8
IMG20240126104917.jpg,5
IMG20240124115532.jpg,6
IMG20240124141410.jpg,6
IMG20240120130432.jpg,8
IMG20240126094445.jpg,5
IMG_20240125_120203.jpg,5
IMG_20240128_100604.jpg,3
IMG20240120134740.jpg,8
IMG20240129102014.jpg,4
IMG_20240125_130726.jpg,6
IMG20240119120155.jpg,9
IMG20240129145338.jpg,2
1000212466.jpg,9
IMG_20240122_094555.jpg,7
IMG20240121122605.jpg,7
IMG20240123121936.jpg,6
IMG_20240125_132954.jpg,5
IMG20240126142309.jpg,4
IMG20240123110232.jpg,6
IMG20240126092643.jpg,4
IMG_20240122_144928.jpg,7
IMG20240121141624.jpg,8
IMG_20240122_101301.jpg,7
IMG_20240128_100504.jpg,3
IMG_20240125_130903.jpg,6
IMG20240121144450.jpg,7
IMG20240120132120.jpg,8
1000212424.jpg,9
IMG20240127101743.jpg,4
IMG20240119120619.jpg,9
IMG_20240122_142340.jpg,6
IMG_20240125_110816.jpg,5
IMG_20240128_094346.jpg,2
IMG20240119120224.jpg,9
IMG20240129094245.jpg,2
IMG_20240122_144959.jpg,7
IMG20240123110220.jpg,6
IMG_20240128_111022.jpg,3
IMG20240120144547.jpg,8
IMG20240129104002.jpg,2
IMG20240126114617.jpg,5
IMG_20240125_130745.jpg,6
IMG20240123122003.jpg,6
IMG_20240128_123240.jpg,3
IMG_20240125_114744.jpg,5
IMG20240127093013.jpg,5
IMG20240123091201.jpg,7
IMG20240126090941.jpg,6
IMG20240126100348.jpg,6
IMG_20240122_101156.jpg,7
IMG20240124113213.jpg,6
IMG20240127103833.jpg,5
IMG20240123143053.jpg,6
IMG20240121124709.jpg,7
IMG20240123091026.jpg,7
IMG_20240128_144216.jpg,3
IMG_20240125_114734.jpg,5
IMG20240121091625.jpg,8
IMG20240127143509.jpg,4
IMG20240126091037.jpg,6
IMG20240123110047.jpg,6
1000212447.jpg,9
IMG20240126142346.jpg,4
IMG20240126114534.jpg,5
IMG20240124091841.jpg,6
IMG_20240128_140139.jpg,4
IMG20240126100255.jpg,6
IMG_20240125_130637.jpg,6
IMG20240123140135.jpg,6
IMG_20240122_152916.jpg,6
IMG20240127092942.jpg,5
img20240127142414.jpg,4
IMG20240124122049.jpg,6
IMG_20240128_111041.jpg,3
IMG20240127141616.jpg,4
IMG20240121144533.jpg,7
IMG20240123121917.jpg,6
IMG20240121115531.jpg,8
IMG20240120103538.jpg,9
IMG20240120103617.jpg,9
IMG_20240125_110718.jpg,5
IMG20240121115302.jpg,8
IMG_20240125_105023.jpg,5
IMG20240121094117.jpg,7
IMG20240127114542.jpg,5
IMG20240123093220.jpg,6
IMG20240121112649.jpg,8
IMG20240123115641.jpg,6
IMG_20240128_123346.jpg,3
IMG20240126144152.jpg,5
IMG20240127141602.jpg,4
IMG20240124111006.jpg,6
IMG20240126105030.jpg,5
IMG20240126112805.jpg,4
IMG20240124122125.jpg,6
IMG20240126114448.jpg,5
IMG_20240122_152922.jpg,6
IMG20240124104209.jpg,6
IMG_20240125_110701.jpg,5
IMG20240127095137.jpg,4
IMG20240126110938.jpg,6
IMG20240120132150.jpg,8
IMG20240129094242.jpg,2
IMG20240129100510.jpg,2
IMG20240127101649.jpg,4
IMG20240121122508.jpg,7
IMG_20240122_115926.jpg,7
IMG20240126104906.jpg,5
IMG20240126142414.jpg,4
IMG20240124115654.jpg,6
IMG20240119124158.jpg,9
IMG20240123095305.jpg,6
IMG20240124124820.jpg,6
IMG_20240122_112646.jpg,7
IMG_20240122_135532.jpg,7
IMG20240119154101.jpg,9
IMG_20240122_142233.jpg,6
IMG20240120145808.jpg,8
IMG20240120110822.jpg,9
IMG20240126114627.jpg,5
IMG20240124124823.jpg,6
IMG_20240125_105113.jpg,5
IMG20240120115523.jpg,9
IMG_20240122_104835.jpg,7
IMG20240124091749.jpg,6
IMG_20240128_094516.jpg,2
IMG20240129145425.jpg,2
IMG20240121141438.jpg,8
IMG20240129100515.jpg,2
IMG20240120151323.jpg,8
IMG_20240122_142257.jpg,6
IMG20240121124635.jpg,7
IMG_20240128_094326.jpg,2
IMG20240123140126.jpg,6
IMG_20240125_135316.jpg,5
IMG_20240128_091838.jpg,4
IMG20240120103546.jpg,9
IMG20240127122148.jpg,4
IMG_20240128_144308.jpg,3
IMG20240126140427.jpg,6
IMG_20240128_142419.jpg,2
IMG20240124111202.jpg,6
IMG20240119124428.jpg,9
IMG20240124094855.jpg,6
IMG20240126094406.jpg,5
IMG20240123143030.jpg,6
IMG20240123140032.jpg,6
IMG20240126105008.jpg,5
IMG20240123140122.jpg,6
IMG20240121091535.jpg,8
IMG20240121102901.jpg,8
IMG20240124113130.jpg,6
IMG20240123103405.jpg,6
IMG_20240122_142133.jpg,6
IMG20240121124909.jpg,7
IMG20240124111042.jpg,6
IMG20240126140337.jpg,6
IMG20240127122138.jpg,4
IMG20240124150933.jpg,6
IMG20240119120654.jpg,9
IMG_20240122_153147.jpg,6
IMG_20240128_094627.jpg,2
IMG20240123145314.jpg,6
IMG_20240125_120152.jpg,5
IMG20240129143315.jpg,2
IMG_20240128_105522.jpg,2
IMG20240121094416.jpg,7
IMG_20240122_145538.jpg,7
IMG20240126110954.jpg,6
IMG20240123121832.jpg,6
IMG_20240128_102625.jpg,4
IMG20240123103341.jpg,6
IMG20240129100401.jpg,2
IMG20240123103357.jpg,6
IMG20240121091539.jpg,8
IMG_20240122_122422.jpg,7
IMG20240121112740.jpg,8
IMG_20240128_110918.jpg,3
IMG20240124124808.jpg,6
IMG20240123114054.jpg,6
IMG20240123115635.jpg,6
IMG_20240125_112552.jpg,6
IMG20240120100220.jpg,9
IMG20240123114127.jpg,6
IMG20240123091120.jpg,7
IMG20240124124707.jpg,6
IMG20240124113056.jpg,6
IMG20240121091750.jpg,8
IMG_20240125_120348.jpg,5
IMG20240126142303.jpg,4
IMG_20240125_100845.jpg,5
IMG20240126114549.jpg,5
IMG20240124104151.jpg,6
IMG20240124150842.jpg,6
IMG20240124091812.jpg,6
IMG20240129100501.jpg,2
IMG_20240128_111055.jpg,3
IMG20240123110206.jpg,6
IMG20240129100451.jpg,2
IMG_20240128_100408.jpg,3
IMG20240123142936.jpg,6
IMG20240126140403.jpg,6
IMG20240121144622.jpg,7
IMG20240127134601.jpg,5
IMG20240121094351.jpg,7
IMG20240120101937.jpg,8
IMG20240129143327.jpg,2
IMG20240129102116.jpg,4
IMG20240127114413.jpg,5
IMG_20240125_102720.jpg,6
IMG20240124111054.jpg,6
IMG20240120103425.jpg,9
IMG_20240122_154548.jpg,7
IMG_20240125_100658.jpg,5
IMG20240129094327.jpg,2
IMG20240126090907.jpg,6
IMG_20240122_145504.jpg,7
IMG20240126092706.jpg,4
IMG20240126140452.jpg,6
IMG20240129125552.jpg,2
IMG20240123110154.jpg,6
IMG_20240125_130708.jpg,6
IMG20240120113359.jpg,8
IMG_20240125_135334.jpg,5
IMG_20240128_121027.jpg,2
IMG20240129092545.jpg,4
IMG20240126092554.jpg,4
IMG20240127120215.jpg,4
IMG20240120130335.jpg,8
IMG20240129122608.jpg,2
IMG20240129102100.jpg,4
IMG_20240122_104722.jpg,7
IMG20240126104934.jpg,5
IMG20240127101631.jpg,4
IMG20240126105000.jpg,5
IMG20240127120201.jpg,4
IMG20240123145151.jpg,6
IMG20240123143007.jpg,6
IMG_20240125_110822.jpg,5
IMG_20240122_120032.jpg,7
IMG_20240128_094735.jpg,2
IMG20240129125547.jpg,2
IMG20240123140132.jpg,6
IMG_20240128_142259.jpg,2
IMG20240124141344.jpg,6
IMG_20240125_130848.jpg,6
IMG_20240128_114944.jpg,4
IMG_20240122_142304.jpg,6
IMG20240124094759.jpg,6
IMG_20240122_094709.jpg,7
IMG20240121112710.jpg,8
IMG20240127092807.jpg,5
IMG20240126114543.jpg,5
IMG20240124124833.jpg,6
IMG20240124122107.jpg,6
IMG20240124124742.jpg,6
IMG20240127112115.jpg,4
IMG_20240122_145115.jpg,7
IMG20240129103904.jpg,2
IMG20240123114103.jpg,6
IMG20240123101355.jpg,7
IMG20240124143405.jpg,6
IMG20240126112751.jpg,4
IMG_20240125_092800.jpg,6
IMG20240120125159.jpg,8
IMG20240121112756.jpg,8
IMG20240127134902.jpg,5
IMG_20240128_144356.jpg,3
IMG_20240128_115015.jpg,4
IMG_20240128_142432.jpg,2
IMG_20240128_105436.jpg,2
IMG_20240128_091802.jpg,4
IMG20240121141707.jpg,8
IMG20240127143327.jpg,4
IMG20240129092521.jpg,4
IMG20240129145414.jpg,2
IMG20240123140143.jpg,6
IMG_20240128_142253.jpg,2
IMG20240126112917.jpg,4
IMG_20240128_121139.jpg,2
IMG20240119152044.jpg,9
IMG20240120145927.jpg,8
IMG_20240122_135541.jpg,7
IMG20240120101943.jpg,8
IMG20240123093115.jpg,6
IMG20240121115240.jpg,8
IMG20240124094844.jpg,6
IMG20240127112040.jpg,4
IMG20240126110923.jpg,6
IMG_20240128_091756.jpg,4
IMG_20240125_094538.jpg,5
IMG20240129145321.jpg,2
IMG_20240128_094540.jpg,2
IMG20240119120637.jpg,9
IMG_20240122_135629.jpg,7
IMG20240120110735.jpg,9
IMG20240126104955.jpg,5
IMG20240127134747.jpg,5
IMG20240129112025.jpg,4
IMG20240119121434.jpg,9
IMG20240119124733.jpg,9
IMG_20240122_094732.jpg,7
IMG20240126114623.jpg,5
IMG20240123145341.jpg,6
IMG20240126104922.jpg,5
IMG20240123095317.jpg,6
IMG_20240122_142249.jpg,6
IMG20240124094923.jpg,6
IMG_20240125_114719.jpg,5
IMG20240127095126.jpg,4
IMG20240120145940.jpg,8
IMG_20240122_101133.jpg,7
IMG_20240128_091959.jpg,4
IMG20240127101617.jpg,4
IMG20240129140954.jpg,4
IMG20240119160102.jpg,9
IMG_20240125_094553.jpg,5
IMG_20240122_122254.jpg,7
IMG20240120132019.jpg,8
IMG_20240122_115907.jpg,7
IMG_20240125_112606.jpg,6
IMG20240124091856.jpg,6
IMG20240124094812.jpg,6
IMG20240126090910.jpg,6
IMG_20240122_104656.jpg,7
IMG_20240128_105445.jpg,2
IMG_20240128_094548.jpg,2
IMG20240123103514.jpg,6
IMG_20240128_094727.jpg,2
IMG_20240125_102606.jpg,6
IMG20240126102036.jpg,4
IMG20240124150906.jpg,6
IMG20240126140326.jpg,6
IMG20240121094224.jpg,7
IMG20240120110815.jpg,9
IMG20240126104945.jpg,5
IMG_20240122_122527.jpg,7
IMG20240124113052.jpg,6
IMG20240126102058.jpg,4
IMG20240119160046.jpg,9
IMG20240127103940.jpg,5
IMG20240126114609.jpg,5
IMG20240119154156.jpg,9
IMG20240127143414.jpg,4
IMG20240121102917.jpg,8
IMG20240120100125.jpg,9
IMG20240127143420.jpg,4
IMG20240121091405.jpg,8
IMG_20240125_110641.jpg,5
IMG_20240122_154346.jpg,7
IMG20240127122012.jpg,4
IMG20240124111123.jpg,6
IMG_20240122_145326.jpg,7
IMG20240129094301.jpg,2
IMG20240120151244.jpg,8
IMG20240119154232.jpg,9
IMG_20240128_144447.jpg,3
IMG20240124143119.jpg,6
IMG20240124150730.jpg,6
IMG20240124122056.jpg,6
IMG20240126144145.jpg,5
IMG20240119155813.jpg,9
IMG20240127101748.jpg,4
IMG20240121100142.jpg,8
IMG20240127120314.jpg,4
IMG20240127143435.jpg,4
IMG20240126091022.jpg,6
IMG_20240128_094530.jpg,2
IMG_20240125_114642.jpg,5
IMG20240121100204.jpg,8
IMG20240123145323.jpg,6
IMG20240127142357.jpg,4
IMG_20240125_104942.jpg,5
IMG_20240125_132926.jpg,5
IMG_20240125_100823.jpg,5
IMG20240121124819.jpg,7
IMG20240126101950.jpg,4
IMG20240129112027.jpg,4
IMG20240121105822.jpg,7
IMG20240127143236.jpg,4
IMG20240129103959.jpg,2
IMG_20240125_112554.jpg,6
IMG20240121141304.jpg,8
IMG20240126142403.jpg,4
IMG20240121094346.jpg,7
IMG20240123091103.jpg,7
IMG20240123093208.jpg,6
1000212454.jpg,9
IMG20240120131936.jpg,8
IMG20240129143226.jpg,2
IMG20240119120413.jpg,9
IMG20240124124756.jpg,6
IMG20240121103159.jpg,8
IMG20240121094335.jpg,7
IMG20240124150939.jpg,6
IMG20240121103123.jpg,8
IMG20240129100528.jpg,2
IMG20240124094802.jpg,6
IMG_20240128_100547.jpg,3
IMG20240121112635.jpg,8
IMG20240120113329.jpg,8
IMG_20240125_102840.jpg,6
IMG20240123145228.jpg,6
IMG20240120151221.jpg,8
IMG20240121100239.jpg,8
IMG20240127112233.jpg,4
IMG20240123101416.jpg,7
IMG20240123114109.jpg,6
IMG20240121144437.jpg,7
IMG20240129103836.jpg,2
IMG_20240125_132651.jpg,5
IMG20240119155709.jpg,9
1000212422.jpg,9
IMG20240126112811.jpg,4
IMG20240129125610.jpg,2
IMG_20240128_111117.jpg,3
IMG20240129110044.jpg,2
IMG20240127092955.jpg,5
IMG20240119152250.jpg,9
IMG_20240122_120014.jpg,7
IMG20240120110852.jpg,9
IMG20240120132101.jpg,8
IMG20240120144722.jpg,8
IMG_20240122_122433.jpg,7
IMG_20240125_114558.jpg,5
IMG20240127134556.jpg,5
IMG20240120115350.jpg,9
IMG20240120115507.jpg,9
IMG_20240128_123518.jpg,3
IMG20240120100138.jpg,9
IMG_20240125_130927.jpg,6
IMG20240127120242.jpg,4
IMG20240121100158.jpg,8
IMG20240127103836.jpg,5
IMG20240123115757.jpg,6
IMG_20240125_135325.jpg,5
IMG20240121094132.jpg,7
IMG_20240122_145316.jpg,7
IMG_20240128_123257.jpg,3
IMG20240127101802.jpg,4
IMG20240126114458.jpg,5
IMG20240121141330.jpg,8
IMG20240129111922.jpg,4
IMG20240123110128.jpg,6
IMG20240129105832.jpg,2
IMG20240124141355.jpg,6
IMG20240121091458.jpg,8
IMG20240121115457.jpg,8
IMG_20240125_112522.jpg,6
IMG_20240128_135953.jpg,4
IMG20240129141011.jpg,4
IMG20240127143449.jpg,4
IMG20240127092945.jpg,5
IMG20240127114552.jpg,5
IMG20240119125241.jpg,9
IMG20240126110928.jpg,6
IMG_20240122_112839.jpg,7
IMG_20240128_100322.jpg,3
IMG20240127134545.jpg,5
IMG_20240122_145442.jpg,7
IMG_20240125_102844.jpg,6
IMG_20240122_135511.jpg,7
IMG_20240128_135854.jpg,4
IMG_20240128_142316.jpg,2
IMG20240129140924.jpg,4
IMG20240119125339.jpg,9
IMG20240126140356.jpg,6
IMG20240129143324.jpg,2
IMG20240123140116.jpg,6
IMG20240126105023.jpg,5
IMG20240124104323.jpg,6
IMG20240127101714.jpg,4
IMG20240121144522.jpg,7
IMG20240121112722.jpg,8
IMG20240124115511.jpg,6
IMG_20240128_123214.jpg,3
IMG20240120151145.jpg,8
IMG20240120145915.jpg,8
IMG20240121110316.jpg,7
IMG_20240128_105450.jpg,2
IMG_20240125_130909.jpg,6
IMG20240126142353.jpg,4
IMG_20240122_104829.jpg,7
IMG20240123114119.jpg,6
IMG20240127112124.jpg,4
IMG20240127103959.jpg,5
IMG20240119152005.jpg,9
IMG20240124111022.jpg,6
IMG20240123121949.jpg,6
IMG20240120151249.jpg,8
IMG_20240125_100856.jpg,5
IMG_20240125_105030.jpg,5
IMG20240120113348.jpg,8
IMG20240119122406.jpg,9
IMG20240127122153.jpg,4
1000212433.jpg,9
IMG20240124124711.jpg,6
IMG20240127120210.jpg,4
IMG_20240128_091844.jpg,4
IMG20240124091805.jpg,6
IMG20240124091915.jpg,6
IMG20240127104048.jpg,5
IMG_20240128_105508.jpg,2
IMG20240129125659.jpg,2
IMG20240120134712.jpg,8
IMG_20240122_154514.jpg,7
IMG20240121124650.jpg,7
IMG20240126094542.jpg,5
IMG20240120144525.jpg,8
IMG20240123103417.jpg,6
1000212448.jpg,9
IMG20240126114558.jpg,5
IMG20240119122436.jpg,9
IMG20240126091028.jpg,6
IMG20240124143133.jpg,6
IMG20240120144706.jpg,8
IMG20240123095234.jpg,6
IMG20240121141420.jpg,8
IMG_20240128_092045.jpg,4
IMG20240121141616.jpg,8
IMG20240119151936.jpg,9
IMG_20240122_101314.jpg,7
IMG20240124111134.jpg,6
IMG20240129145402.jpg,2
IMG_20240128_144142.jpg,3
IMG20240119154002.jpg,9
IMG_20240128_102735.jpg,4
IMG20240121103105.jpg,8
IMG20240127141638.jpg,4
IMG20240120110840.jpg,9
IMG_20240125_112500.jpg,6
IMG_20240128_105547.jpg,2
IMG20240120103519.jpg,9
IMG_20240125_100724.jpg,5
IMG20240120110920.jpg,9
IMG20240121091619.jpg,8
IMG20240123103456.jpg,6
IMG20240123143020.jpg,6
IMG20240121122513.jpg,7
IMG20240129143306.jpg,2
IMG20240119160024.jpg,9
IMG20240121144425.jpg,7
IMG20240126105012.jpg,5
IMG20240126140423.jpg,6
IMG20240129103954.jpg,2
IMG20240121115219.jpg,8
IMG20240119153911.jpg,9
IMG20240119160057.jpg,9
IMG20240127112156.jpg,4
IMG_20240122_154528.jpg,7
IMG20240120134636.jpg,8
IMG20240119124758.jpg,9
IMG20240120151234.jpg,8
IMG20240127101732.jpg,4
IMG20240121141702.jpg,8
IMG_20240122_094613.jpg,7
IMG20240121094411.jpg,7
IMG20240123114130.jpg,6
IMG20240129140917.jpg,4
IMG20240121100304.jpg,8
IMG20240126100334.jpg,6
IMG20240121141513.jpg,8
IMG20240126103614.jpg,4
IMG20240120115558.jpg,9
IMG20240123103525.jpg,6
IMG20240120103556.jpg,9
IMG_20240125_094534.jpg,5
1000212415.jpg,9
IMG_20240125_130814.jpg,6
IMG_20240125_094510.jpg,5
IMG20240123110059.jpg,6
IMG20240123095220.jpg,6
IMG20240119152135.jpg,9
IMG20240124101701.jpg,6
IMG20240126102040.jpg,4
IMG20240124115608.jpg,6
IMG20240127112200.jpg,4
IMG20240120131834.jpg,8
IMG20240120151304.jpg,8
IMG20240127095215.jpg,4
IMG_20240128_091854.jpg,4
IMG20240119123133.jpg,9
IMG_20240122_115915.jpg,7
IMG20240127092837.jpg,5
IMG20240121124732.jpg,7
IMG_20240125_110806.jpg,5
IMG20240126102002.jpg,4
IMG20240119125332.jpg,9
IMG20240127143253.jpg,4
IMG_20240125_132710.jpg,5
IMG20240124104307.jpg,6
IMG20240126144127.jpg,5
IMG20240120110942.jpg,9
IMG_20240122_153114.jpg,6
IMG20240129094318.jpg,2
IMG20240127134914.jpg,5
IMG20240120144450.jpg,8
IMG20240126112800.jpg,4
IMG20240126104941.jpg,5
IMG20240126092535.jpg,4
IMG20240120115554.jpg,9
IMG20240126100307.jpg,6
IMG_20240128_140029.jpg,4
IMG20240127142313.jpg,4
IMG20240120134527.jpg,8
IMG_20240122_094601.jpg,7
IMG_20240128_142342.jpg,2
IMG20240129092530.jpg,4
IMG_20240122_104910.jpg,7
IMG20240126114444.jpg,5
IMG20240121115017.jpg,8
IMG20240121100244.jpg,8
IMG20240124141517.jpg,6
IMG_20240122_145017.jpg,7
IMG20240129141229.jpg,4
IMG_20240122_154322.jpg,7
IMG20240129122605.jpg,2
IMG20240127120226.jpg,4
IMG20240124101553.jpg,6
IMG20240129122616.jpg,2
IMG_20240122_104851.jpg,7
IMG20240126110840.jpg,6
IMG20240129145406.jpg,2
IMG_20240128_100618.jpg,3
IMG20240126112850.jpg,4
1000212458.jpg,9
IMG20240124150921.jpg,6
IMG20240119124749.jpg,9
IMG20240127093024.jpg,5
IMG_20240125_092749.jpg,6
IMG20240119123147.jpg,9
IMG20240126102117.jpg,4
IMG_20240122_115858.jpg,7
IMG20240126094539.jpg,5
IMG_20240128_121040.jpg,2
IMG20240126142342.jpg,4
1000212421.jpg,9
IMG20240120101934.jpg,8
IMG20240123142921.jpg,6
IMG20240126144241.jpg,5
IMG20240120134612.jpg,8
IMG20240129092427.jpg,4
IMG_20240125_094703.jpg,5
IMG20240119152257.jpg,9
IMG20240119154137.jpg,9
IMG20240129111940.jpg,4
IMG20240123122015.jpg,6
IMG20240121091715.jpg,8
IMG20240123115734.jpg,6
IMG20240126094516.jpg,5
IMG20240120131850.jpg,8
IMG_20240125_110858.jpg,5
IMG20240129101953.jpg,4
IMG20240121100106.jpg,8
IMG20240123140150.jpg,6
IMG20240123114035.jpg,6
IMG_20240122_154313.jpg,7
IMG20240127141446.jpg,4
IMG20240126144310.jpg,5
IMG20240123101447.jpg,7
IMG_20240125_132919.jpg,5
IMG20240123115741.jpg,6
IMG_20240125_094627.jpg,5
IMG20240121144600.jpg,7
IMG_20240125_130921.jpg,6
IMG20240127101817.jpg,4
IMG20240124111158.jpg,6
IMG20240127134712.jpg,5
IMG20240127114611.jpg,5
IMG20240126144140.jpg,5
IMG20240123095241.jpg,6
IMG20240121122531.jpg,7
IMG20240120113434.jpg,8
IMG_20240125_104902.jpg,5
IMG20240123115606.jpg,6
IMG_20240125_094527.jpg,5
1000212423.jpg,9
IMG_20240122_152724.jpg,6
IMG20240124104318.jpg,6
IMG20240129125739.jpg,2
IMG20240124150735.jpg,6
IMG_20240122_115932.jpg,7
IMG20240121122617.jpg,7
IMG20240123091041.jpg,7
IMG_20240125_114619.jpg,5
IMG20240124111050.jpg,6
IMG20240129145430.jpg,2
IMG20240120110741.jpg,9
IMG20240126110920.jpg,6
IMG20240119125222.jpg,9
IMG_20240122_104846.jpg,7
IMG20240126110947.jpg,6
IMG20240129143214.jpg,2
IMG_20240125_104848.jpg,5
IMG20240124104302.jpg,6
IMG20240126142253.jpg,4
IMG_20240125_092850.jpg,6
IMG20240129094250.jpg,2
IMG_20240125_110914.jpg,5
IMG20240123142951.jpg,6
IMG20240120103614.jpg,9
IMG20240124104110.jpg,6
IMG20240121141402.jpg,8
IMG_20240122_101146.jpg,7
IMG20240124143319.jpg,6
IMG20240120125317.jpg,8
IMG20240119155900.jpg,9
IMG20240126104929.jpg,5
IMG20240121100223.jpg,8
IMG20240120150011.jpg,8
IMG20240123101515.jpg,7
IMG20240120144628.jpg,8
IMG20240123101418.jpg,7
IMG_20240128_121106.jpg,2
IMG20240123095144.jpg,6
IMG20240129092414.jpg,4
IMG20240127143431.jpg,4
IMG_20240122_145057.jpg,7
IMG20240126112914.jpg,4
IMG20240124121943.jpg,6
IMG_20240128_144235.jpg,3
IMG20240124104116.jpg,6
IMG20240120100252.jpg,9
IMG20240121124500.jpg,7
IMG20240120113422.jpg,8
IMG20240123101425.jpg,7
IMG20240129102020.jpg,4
IMG20240121091519.jpg,8
IMG20240129100408.jpg,2
IMG_20240125_105005.jpg,5
IMG20240119122445.jpg,9
IMG20240129122622.jpg,2
IMG20240124141307.jpg,6
IMG20240120125244.jpg,8
IMG_20240128_121131.jpg,2
IMG20240121110342.jpg,7
IMG20240119151758.jpg,9
IMG20240121110243.jpg,7
IMG20240123093246.jpg,6
IMG20240120115609.jpg,9
IMG_20240128_114925.jpg,4
IMG20240123114031.jpg,6
IMG_20240125_092743.jpg,6
IMG20240120131947.jpg,8
IMG20240124143315.jpg,6
IMG20240126094454.jpg,5
IMG20240129105907.jpg,2
IMG20240124101558.jpg,6
IMG_20240128_140113.jpg,4
IMG_20240128_142311.jpg,2
IMG20240124115620.jpg,6
IMG_20240125_092728.jpg,6
IMG_20240128_102709.jpg,4
IMG_20240122_135520.jpg,7
IMG_20240122_135739.jpg,7
IMG20240126102006.jpg,4
IMG20240120115531.jpg,9
IMG20240127104102.jpg,5
IMG20240127122111.jpg,4
IMG20240129122521.jpg,2
IMG20240124124651.jpg,6
IMG20240120115435.jpg,9
IMG_20240125_112544.jpg,6
IMG20240129092501.jpg,4
IMG_20240125_135450.jpg,5
IMG20240120134834.jpg,8
IMG20240127101827.jpg,4
IMG20240126110843.jpg,6
IMG20240129124030.jpg,2
IMG20240123114023.jpg,6
IMG20240120130345.jpg,8
IMG20240126110849.jpg,6
IMG20240121100336.jpg,8
IMG20240126092557.jpg,4
IMG_20240122_104811.jpg,7
IMG20240129143339.jpg,2
IMG_20240122_152832.jpg,6
IMG_20240122_112908.jpg,7
IMG_20240122_145515.jpg,7
IMG20240126144202.jpg,5
IMG20240126092604.jpg,4
1000212463.jpg,9
IMG20240124094858.jpg,6
IMG20240129092424.jpg,4
IMG20240129100358.jpg,2
IMG_20240125_130657.jpg,6
IMG20240123095258.jpg,6
IMG20240124115500.jpg,6
IMG20240124143351.jpg,6
IMG20240124150754.jpg,6
IMG20240124122045.jpg,6
IMG20240124113158.jpg,6
IMG20240120130445.jpg,8
IMG20240129122614.jpg,2
IMG20240126142419.jpg,4
IMG20240124115528.jpg,6
IMG20240129092535.jpg,4
IMG20240120151319.jpg,8
IMG20240120110931.jpg,9
IMG20240126094436.jpg,5
IMG20240123093150.jpg,6
IMG20240124091944.jpg,6
IMG20240129143218.jpg,2
IMG_20240125_112514.jpg,6
IMG_20240122_135720.jpg,7
IMG_20240122_115759.jpg,7
IMG20240123093204.jpg,6
IMG20240126142334.jpg,4
IMG20240124124620.jpg,6
IMG20240120144558.jpg,8
IMG20240121102950.jpg,8
IMG20240121100430.jpg,8
IMG20240124104145.jpg,6
IMG20240121141519.jpg,8
IMG_20240125_130748.jpg,6
IMG20240127141510.jpg,4
IMG20240119154056.jpg,9
1000212418.jpg,9
IMG20240129122636.jpg,2
IMG20240127134905.jpg,5
IMG20240121144433.jpg,7
IMG20240120151358.jpg,8
IMG20240121115100.jpg,8
IMG20240124101724.jpg,6
IMG_20240125_100712.jpg,5
IMG_20240122_145258.jpg,7
IMG20240127114445.jpg,5
IMG20240126144259.jpg,5
IMG_20240122_142332.jpg,6
IMG20240123114044.jpg,6
IMG_20240122_145103.jpg,7
IMG20240119125212.jpg,9
IMG_20240125_110841.jpg,5
IMG_20240125_092640.jpg,6
IMG20240126100304.jpg,6
IMG_20240122_094740.jpg,7
IMG20240127141554.jpg,4
IMG20240123101450.jpg,7
IMG20240120145912.jpg,8
IMG20240121122631.jpg,7
IMG20240121100341.jpg,8
IMG_20240122_145220.jpg,7
IMG20240126100258.jpg,6
IMG20240123142925.jpg,6
IMG20240123115753.jpg,6
IMG_20240128_104619.jpg,4
IMG20240124141457.jpg,6
IMG20240127092827.jpg,5
IMG20240124122024.jpg,6
IMG_20240128_115025.jpg,4
1000212419.jpg,9
IMG_20240122_101202.jpg,7
IMG20240129100351.jpg,2
IMG20240120134552.jpg,8
IMG20240120100115.jpg,9
IMG_20240122_145336.jpg,7
IMG20240121144557.jpg,7
IMG20240127112142.jpg,4
IMG_20240122_135454.jpg,7
IMG_20240122_113030.jpg,7
IMG20240129125731.jpg,2
IMG20240120110849.jpg,9
IMG_20240125_100812.jpg,5
IMG20240120101910.jpg,8
IMG20240120145828.jpg,8
IMG20240123140036.jpg,6
IMG20240123115630.jpg,6
IMG_20240128_094610.jpg,2
IMG20240120130514.jpg,8
IMG20240123095336.jpg,6
IMG20240126092546.jpg,4
IMG20240126140417.jpg,6
IMG20240126140343.jpg,6
IMG20240120132038.jpg,8
IMG20240127121944.jpg,4
IMG20240127142353.jpg,4
IMG20240129094351.jpg,2
IMG20240121102928.jpg,8
IMG20240120134816.jpg,8
IMG20240123114136.jpg,6
IMG_20240122_101348.jpg,7
IMG_20240128_114931.jpg,4
IMG_20240125_120413.jpg,5
IMG20240123101507.jpg,7
IMG20240123091152.jpg,7
IMG20240124150711.jpg,6
IMG_20240122_154534.jpg,7
IMG20240120151140.jpg,8
IMG20240126112829.jpg,4
IMG_20240128_121015.jpg,2
IMG_20240122_135812.jpg,7
IMG20240121144613.jpg,7
IMG20240129111950.jpg,4
IMG20240124113125.jpg,6
IMG20240127142309.jpg,4
IMG_20240125_114727.jpg,5
IMG20240124122121.jpg,6
IMG20240121122636.jpg,7
IMG20240124122009.jpg,6
IMG_20240125_130713.jpg,6
IMG_20240122_122628.jpg,7
IMG20240126100325.jpg,6
IMG_20240122_145451.jpg,7
IMG_20240125_114521.jpg,5
IMG_20240128_123307.jpg,3
IMG20240123095330.jpg,6
IMG_20240128_115050_aug0.jpg,4
IMG20240127095133_aug1.jpg,4
IMG20240126112821_aug2.jpg,4
IMG20240129092508_aug3.jpg,4
IMG_20240128_115039_aug4.jpg,4
IMG20240126092646_aug5.jpg,4
IMG20240127095144_aug6.jpg,4
IMG_20240128_135845_aug7.jpg,4
IMG20240126101940_aug8.jpg,4
IMG20240126142330_aug9.jpg,4
IMG20240126142259_aug10.jpg,4
IMG20240126112837_aug11.jpg,4
IMG20240129141028_aug12.jpg,4
IMG20240129140907_aug13.jpg,4
IMG20240127142419_aug14.jpg,4
IMG_20240128_092036_aug15.jpg,4
IMG_20240128_114902_aug16.jpg,4
IMG20240127101653_aug17.jpg,4
IMG20240126101954_aug18.jpg,4
IMG20240126112908_aug19.jpg,4
IMG20240129102038_aug20.jpg,4
IMG20240127141541_aug21.jpg,4
IMG20240129112002_aug22.jpg,4
IMG_20240128_091739_aug23.jpg,4
IMG20240126142357_aug24.jpg,4
IMG_20240128_102748_aug25.jpg,4
IMG20240127120320_aug26.jpg,4
IMG20240127122057_aug27.jpg,4
IMG20240129101956_aug28.jpg,4
IMG20240126142242_aug29.jpg,4
IMG_20240128_140047_aug30.jpg,4
IMG_20240128_115021_aug31.jpg,4
IMG20240127142330_aug32.jpg,4
IMG_20240128_114839_aug33.jpg,4
IMG20240129112004_aug34.jpg,4
IMG20240127095259_aug35.jpg,4
IMG20240126112839_aug36.jpg,4
IMG_20240128_114858_aug37.jpg,4
IMG20240129102048_aug38.jpg,4
IMG20240129092557_aug39.jpg,4
IMG20240129111943_aug40.jpg,4
IMG20240127095327_aug41.jpg,4
IMG20240127122134_aug42.jpg,4
IMG20240127120217_aug43.jpg,4
IMG20240127095149_aug44.jpg,4
IMG_20240128_140054_aug45.jpg,4
IMG20240127142334_aug46.jpg,4
IMG20240127095109_aug47.jpg,4
IMG20240127142408_aug48.jpg,4
IMG20240129102032_aug49.jpg,4
IMG20240127101718_aug50.jpg,4
IMG_20240128_102523_aug51.jpg,4
IMG20240127120235_aug52.jpg,4
IMG20240127141606_aug53.jpg,4
IMG20240126112904_aug54.jpg,4
IMG20240129111916_aug55.jpg,4
IMG20240126102108_aug56.jpg,4
IMG20240129102108_aug57.jpg,4
IMG20240127101705_aug58.jpg,4
IMG20240126092627_aug59.jpg,4
IMG20240127095122_aug60.jpg,4
IMG20240129111948_aug61.jpg,4
IMG20240129092549_aug62.jpg,4
IMG_20240128_114939_aug63.jpg,4
IMG20240127141624_aug64.jpg,4
IMG20240126092652_aug65.jpg,4
IMG20240127142319_aug66.jpg,4
IMG20240129092601_aug67.jpg,4
IMG_20240128_102611_aug68.jpg,4
IMG20240127112220_aug69.jpg,4
IMG20240126112815_aug70.jpg,4
IMG20240127112223_aug71.jpg,4
IMG_20240128_114845_aug72.jpg,4
IMG20240129141035_aug73.jpg,4
IMG20240129102042_aug74.jpg,4
IMG20240129140914_aug75.jpg,4
IMG20240126112859_aug76.jpg,4
IMG20240127095112_aug77.jpg,4
IMG20240127143240_aug78.jpg,4
IMG_20240128_115001_aug79.jpg,4
IMG20240127101830_aug80.jpg,4
IMG20240127120303_aug81.jpg,4
IMG20240129111957_aug82.jpg,4
IMG20240127122107_aug83.jpg,4
IMG20240127141642_aug84.jpg,4
IMG20240126142239_aug85.jpg,4
IMG20240127141627_aug86.jpg,4
IMG20240127112230_aug87.jpg,4
IMG20240127120157_aug88.jpg,4
IMG_20240128_102543_aug89.jpg,4
IMG20240129111955_aug90.jpg,4
IMG20240127122120_aug91.jpg,4
IMG20240126101943_aug92.jpg,4
IMG_20240128_135927_aug93.jpg,4
IMG20240127095316_aug94.jpg,4
IMG_20240128_135937_aug95.jpg,4
IMG_20240128_135921_aug96.jpg,4
IMG20240127095203_aug97.jpg,4
IMG_20240128_102529_aug98.jpg,4
IMG20240126102111_aug99.jpg,4
IMG_20240128_092010_aug100.jpg,4
IMG_20240128_115012_aug101.jpg,4
IMG20240127112129_aug102.jpg,4
IMG20240129140951_aug103.jpg,4
IMG20240127120312_aug104.jpg,4
IMG20240129112008_aug105.jpg,4
IMG20240129102119_aug106.jpg,4
IMG20240126102025_aug107.jpg,4
IMG20240129111926_aug108.jpg,4
IMG20240129141000_aug109.jpg,4
IMG20240129140928_aug110.jpg,4
IMG20240126092607_aug111.jpg,4
IMG_20240128_102630_aug112.jpg,4
IMG20240127141501_aug113.jpg,4
IMG_20240128_091828_aug114.jpg,4
IMG20240127142249_aug115.jpg,4
IMG20240127120223_aug116.jpg,4
IMG20240126102012_aug117.jpg,4
IMG_20240128_102640_aug118.jpg,4
IMG20240129140943_aug119.jpg,4
IMG20240127122039_aug120.jpg,4
IMG20240126102050_aug121.jpg,4
IMG20240127121956_aug122.jpg,4
IMG20240127120306_aug123.jpg,4
IMG_20240128_102717_aug124.jpg,4
IMG20240126112755_aug125.jpg,4
IMG20240129102002_aug126.jpg,4
IMG20240129102014_aug127.jpg,4
IMG20240126142309_aug128.jpg,4
IMG20240126092643_aug129.jpg,4
IMG20240127101743_aug130.jpg,4
IMG20240127143509_aug131.jpg,4
IMG20240126142346_aug132.jpg,4
IMG_20240128_140139_aug133.jpg,4
img20240127142414_aug134.jpg,4
IMG20240127141616_aug135.jpg,4
IMG20240127141602_aug136.jpg,4
IMG20240126112805_aug137.jpg,4
IMG20240127095137_aug138.jpg,4
IMG20240127101649_aug139.jpg,4
IMG20240126142414_aug140.jpg,4
IMG_20240128_091838_aug141.jpg,4
IMG20240127122148_aug142.jpg,4
IMG20240127122138_aug143.jpg,4
IMG_20240128_102625_aug144.jpg,4
IMG20240126142303_aug145.jpg,4
IMG20240129102116_aug146.jpg,4
IMG20240126092706_aug147.jpg,4
IMG20240129092545_aug148.jpg,4
IMG20240126092554_aug149.jpg,4
IMG20240127120215_aug150.jpg,4
IMG20240129102100_aug151.jpg,4
IMG20240127101631_aug152.jpg,4
IMG20240123091143_aug0.jpg,7
IMG20240123091108_aug1.jpg,7
IMG_20240122_145210_aug2.jpg,7
IMG20240121124439_aug3.jpg,7
IMG20240121122414_aug4.jpg,7
IMG_20240122_135557_aug5.jpg,7
IMG_20240122_094637_aug6.jpg,7
IMG_20240122_122558_aug7.jpg,7
IMG_20240122_094458_aug8.jpg,7
IMG_20240122_135715_aug9.jpg,7
IMG_20240122_122301_aug10.jpg,7
IMG_20240122_154308_aug11.jpg,7
IMG_20240122_101421_aug12.jpg,7
IMG20240123091149_aug13.jpg,7
IMG20240121094238_aug14.jpg,7
IMG20240123101359_aug15.jpg,7
IMG_20240122_122517_aug16.jpg,7
IMG20240121110224_aug17.jpg,7
IMG20240121124505_aug18.jpg,7
IMG20240123101527_aug19.jpg,7
IMG_20240122_145636_aug20.jpg,7
IMG_20240122_115836_aug21.jpg,7
IMG_20240122_122610_aug22.jpg,7
IMG20240123101457_aug23.jpg,7
IMG_20240122_154519_aug24.jpg,7
IMG20240121122402_aug25.jpg,7
IMG20240121124739_aug26.jpg,7
IMG_20240122_112930_aug27.jpg,7
IMG20240123101524_aug28.jpg,7
IMG_20240122_094509_aug29.jpg,7
IMG20240123091018_aug30.jpg,7
IMG20240123091116_aug31.jpg,7
IMG_20240122_101354_aug32.jpg,7
IMG20240121094228_aug33.jpg,7
IMG20240121124840_aug34.jpg,7
IMG20240121122525_aug35.jpg,7
IMG_20240122_101256_aug36.jpg,7
IMG_20240122_094717_aug37.jpg,7
IMG_20240122_154300_aug38.jpg,7
IMG20240121122353_aug39.jpg,7
IMG_20240122_144953_aug40.jpg,7
IMG20240121124715_aug41.jpg,7
IMG_20240122_112902_aug42.jpg,7
IMG20240121144501_aug43.jpg,7
IMG_20240122_104545_aug44.jpg,7
IMG20240121122608_aug45.jpg,7
IMG20240121094400_aug46.jpg,7
IMG_20240122_094630_aug47.jpg,7
IMG_20240122_120041_aug48.jpg,7
IMG_20240122_154610_aug49.jpg,7
IMG_20240122_122218_aug50.jpg,7
IMG_20240122_094704_aug51.jpg,7
IMG_20240122_094654_aug52.jpg,7
IMG_20240122_122227_aug53.jpg,7
IMG_20240122_122546_aug54.jpg,7
IMG20240123091139_aug55.jpg,7
IMG_20240122_115405_aug56.jpg,7
IMG_20240122_135754_aug57.jpg,7
IMG_20240122_113009_aug58.jpg,7
IMG_20240122_112817_aug59.jpg,7
IMG20240121122622_aug60.jpg,7
IMG_20240122_154422_aug61.jpg,7
IMG20240121144610_aug62.jpg,7
IMG20240123101501_aug63.jpg,7
IMG20240121110105_aug64.jpg,7
IMG20240121094206_aug65.jpg,7
IMG_20240122_135604_aug66.jpg,7
IMG20240121122547_aug67.jpg,7
IMG_20240122_094620_aug68.jpg,7
IMG_20240122_112806_aug69.jpg,7
IMG_20240122_115824_aug70.jpg,7
IMG_20240122_145424_aug71.jpg,7
IMG20240123091157_aug72.jpg,7
IMG_20240122_145109_aug73.jpg,7
IMG_20240122_094530_aug74.jpg,7
IMG20240123101519_aug75.jpg,7
IMG20240121144518_aug76.jpg,7
IMG20240121110235_aug77.jpg,7
IMG20240121110311_aug78.jpg,7
IMG_20240122_154359_aug79.jpg,7
IMG20240121122452_aug80.jpg,7
IMG_20240122_112758_aug81.jpg,7
IMG20240121094107_aug82.jpg,7
IMG20240121124433_aug83.jpg,7
IMG_20240122_145203_aug84.jpg,7
IMG_20240122_154615_aug85.jpg,7
IMG_20240122_135828_aug86.jpg,7
IMG_20240122_104602_aug87.jpg,7
IMG_20240122_094522_aug88.jpg,7
IMG_20240122_122622_aug89.jpg,7
IMG20240121094212_aug90.jpg,7
IMG_20240122_101125_aug91.jpg,7
IMG_20240122_145150_aug92.jpg,7
IMG20240121144549_aug93.jpg,7
IMG_20240122_145408_aug94.jpg,7
IMG_20240122_153034_aug95.jpg,7
IMG_20240122_120006_aug96.jpg,7
IMG_20240122_094555_aug97.jpg,7
IMG20240121122605_aug98.jpg,7
IMG_20240122_144928_aug99.jpg,7
IMG_20240122_101301_aug100.jpg,7
IMG20240121144450_aug101.jpg,7
IMG_20240122_144959_aug102.jpg,7
IMG20240123091201_aug103.jpg,7
IMG_20240122_101156_aug104.jpg,7
IMG20240121124709_aug105.jpg,7
IMG20240123091026_aug106.jpg,7
IMG20240121144533_aug107.jpg,7
IMG20240121094117_aug108.jpg,7
IMG20240121122508_aug109.jpg,7
IMG_20240122_115926_aug110.jpg,7
IMG_20240122_112646_aug111.jpg,7
IMG_20240122_135532_aug112.jpg,7
IMG_20240122_104835_aug113.jpg,7
IMG20240121124635_aug114.jpg,7
IMG20240121124909_aug115.jpg,7
IMG20240121094416_aug116.jpg,7
IMG_20240122_145538_aug117.jpg,7
IMG_20240122_122422_aug118.jpg,7
IMG20240123091120_aug119.jpg,7
IMG20240121144622_aug120.jpg,7
IMG20240121094351_aug121.jpg,7
IMG_20240122_154548_aug122.jpg,7
IMG_20240122_145504_aug123.jpg,7
IMG_20240122_104722_aug124.jpg,7
IMG_20240122_120032_aug125.jpg,7
IMG_20240122_094709_aug126.jpg,7
IMG_20240122_145115_aug127.jpg,7
IMG20240123101355_aug128.jpg,7
IMG_20240122_135541_aug129.jpg,7
IMG_20240122_135629_aug130.jpg,7
IMG_20240122_094732_aug131.jpg,7
IMG_20240122_101133_aug132.jpg,7
IMG_20240122_122254_aug133.jpg,7
IMG_20240122_115907_aug134.jpg,7
IMG_20240122_104656_aug135.jpg,7
IMG20240121094224_aug136.jpg,7
IMG_20240122_122527_aug137.jpg,7
IMG_20240122_154346_aug138.jpg,7
IMG_20240122_145326_aug139.jpg,7
IMG20240121124819_aug140.jpg,7
IMG20240121105822_aug141.jpg,7
IMG20240121094346_aug142.jpg,7
IMG20240123091103_aug143.jpg,7
IMG20240121094335_aug144.jpg,7
IMG20240123101416_aug145.jpg,7
IMG20240121144437_aug146.jpg,7
IMG_20240122_120014_aug147.jpg,7
IMG_20240122_122433_aug148.jpg,7
IMG20240121094132_aug149.jpg,7
IMG_20240122_145316_aug150.jpg,7
IMG_20240122_112839_aug151.jpg,7
IMG_20240122_145442_aug152.jpg,7
IMG_20240122_135511_aug153.jpg,7
IMG20240121144522_aug154.jpg,7
IMG20240121110316_aug155.jpg,7
IMG_20240122_104829_aug156.jpg,7
IMG_20240122_154514_aug157.jpg,7
IMG20240121124650_aug158.jpg,7
IMG_20240122_101314_aug159.jpg,7
IMG20240121122513_aug160.jpg,7
IMG20240121144425_aug161.jpg,7
IMG_20240122_154528_aug162.jpg,7
IMG_20240122_094613_aug163.jpg,7
IMG20240121094411_aug164.jpg,7
IMG_20240122_115915_aug165.jpg,7
IMG20240121124732_aug166.jpg,7
IMG_20240122_094601_aug167.jpg,7
IMG_20240122_104910_aug168.jpg,7
IMG_20240122_145017_aug169.jpg,7
IMG_20240122_154322_aug170.jpg,7
IMG_20240122_104851_aug171.jpg,7
IMG_20240122_115858_aug172.jpg,7
IMG_20240122_154313_aug173.jpg,7
IMG20240123101447_aug174.jpg,7
IMG20240121144600_aug175.jpg,7
IMG20240121122531_aug176.jpg,7
IMG_20240122_115932_aug177.jpg,7
IMG20240121122617_aug178.jpg,7
IMG20240123091041_aug179.jpg,7
IMG_20240122_104846_aug180.jpg,7
IMG_20240122_101146_aug181.jpg,7
IMG20240123101515_aug182.jpg,7
IMG20240123101418_aug183.jpg,7
IMG_20240122_145057_aug184.jpg,7
IMG20240121124500_aug185.jpg,7
IMG20240123101425_aug186.jpg,7
IMG20240121110342_aug187.jpg,7
IMG20240121110243_aug188.jpg,7
IMG_20240122_135520_aug189.jpg,7
IMG_20240122_135739_aug190.jpg,7
IMG_20240122_104811_aug191.jpg,7
IMG20240127092834_aug0.jpg,5
IMG20240127104106_aug1.jpg,5
IMG_20240125_120339_aug2.jpg,5
IMG20240127103846_aug3.jpg,5
IMG20240127134535_aug4.jpg,5
IMG20240126144220_aug5.jpg,5
IMG20240126144156_aug6.jpg,5
IMG20240127103858_aug7.jpg,5
IMG20240126105033_aug8.jpg,5
IMG20240126144131_aug9.jpg,5
IMG_20240125_120312_aug10.jpg,5
IMG_20240125_132720_aug11.jpg,5
IMG_20240125_094613_aug12.jpg,5
IMG_20240125_120318_aug13.jpg,5
IMG_20240125_120425_aug14.jpg,5
IMG_20240125_104909_aug15.jpg,5
IMG_20240125_135358_aug16.jpg,5
IMG_20240125_135544_aug17.jpg,5
IMG_20240125_132645_aug18.jpg,5
IMG20240127134717_aug19.jpg,5
IMG_20240125_135406_aug20.jpg,5
IMG_20240125_120214_aug21.jpg,5
IMG20240127093039_aug22.jpg,5
IMG20240127134932_aug23.jpg,5
IMG_20240125_094618_aug24.jpg,5
IMG_20240125_120332_aug25.jpg,5
IMG20240126094452_aug26.jpg,5
IMG20240127134929_aug27.jpg,5
IMG_20240125_120351_aug28.jpg,5
IMG20240126094403_aug29.jpg,5
IMG_20240125_133000_aug30.jpg,5
IMG20240126144326_aug31.jpg,5
IMG20240127103955_aug32.jpg,5
IMG_20240125_135434_aug33.jpg,5
IMG_20240125_135257_aug34.jpg,5
IMG_20240125_094716_aug35.jpg,5
IMG_20240125_114518_aug36.jpg,5
IMG_20240125_132900_aug37.jpg,5
IMG_20240125_094656_aug38.jpg,5
IMG_20240125_120437_aug39.jpg,5
IMG20240126094551_aug40.jpg,5
IMG20240126144228_aug41.jpg,5
IMG20240126105044_aug42.jpg,5
IMG_20240125_135501_aug43.jpg,5
IMG_20240125_120359_aug44.jpg,5
IMG_20240125_132755_aug45.jpg,5
IMG20240126094441_aug46.jpg,5
IMG_20240125_114607_aug47.jpg,5
IMG20240126094557_aug48.jpg,5
IMG20240127093044_aug49.jpg,5
IMG20240126144306_aug50.jpg,5
IMG_20240125_100808_aug51.jpg,5
IMG20240127103946_aug52.jpg,5
IMG20240126144247_aug53.jpg,5
IMG_20240125_120145_aug54.jpg,5
IMG_20240125_110737_aug55.jpg,5
IMG20240126094548_aug56.jpg,5
IMG_20240125_110746_aug57.jpg,5
IMG20240126105050_aug58.jpg,5
IMG20240127134734_aug59.jpg,5
IMG_20240125_132940_aug60.jpg,5
IMG20240127104043_aug61.jpg,5
IMG20240127134918_aug62.jpg,5
IMG_20240125_100644_aug63.jpg,5
IMG_20240125_135444_aug64.jpg,5
IMG_20240125_110752_aug65.jpg,5
IMG_20240125_105058_aug66.jpg,5
IMG20240126094600_aug67.jpg,5
IMG_20240125_105046_aug68.jpg,5
IMG_20240125_132803_aug69.jpg,5
IMG20240127114434_aug70.jpg,5
IMG_20240125_094601_aug71.jpg,5
IMG20240127093009_aug72.jpg,5
IMG_20240125_135600_aug73.jpg,5
IMG_20240125_120256_aug74.jpg,5
IMG_20240125_104949_aug75.jpg,5
IMG20240127114538_aug76.jpg,5
IMG20240127114339_aug77.jpg,5
IMG_20240125_120304_aug78.jpg,5
IMG20240127114614_aug79.jpg,5
IMG_20240125_114625_aug80.jpg,5
IMG_20240125_104920_aug81.jpg,5
IMG20240127134548_aug82.jpg,5
IMG_20240125_114700_aug83.jpg,5
IMG_20240125_110800_aug84.jpg,5
IMG20240126114521_aug85.jpg,5
IMG20240126114455_aug86.jpg,5
IMG_20240125_120418_aug87.jpg,5
IMG20240126104917_aug88.jpg,5
IMG20240126094445_aug89.jpg,5
IMG_20240125_120203_aug90.jpg,5
IMG_20240125_132954_aug91.jpg,5
IMG_20240125_110816_aug92.jpg,5
IMG20240126114617_aug93.jpg,5
IMG_20240125_114744_aug94.jpg,5
IMG20240127093013_aug95.jpg,5
IMG20240127103833_aug96.jpg,5
IMG_20240125_114734_aug97.jpg,5
IMG20240126114534_aug98.jpg,5
IMG20240127092942_aug99.jpg,5
IMG_20240125_110718_aug100.jpg,5
IMG_20240125_105023_aug101.jpg,5
IMG20240127114542_aug102.jpg,5
IMG20240126144152_aug103.jpg,5
IMG20240126105030_aug104.jpg,5
IMG20240126114448_aug105.jpg,5
IMG_20240125_110701_aug106.jpg,5
IMG20240126104906_aug107.jpg,5
IMG20240126114627_aug108.jpg,5
IMG_20240125_105113_aug109.jpg,5
IMG_20240125_135316_aug110.jpg,5
IMG20240126094406_aug111.jpg,5
IMG20240126105008_aug112.jpg,5
IMG_20240125_120152_aug113.jpg,5
IMG_20240125_120348_aug114.jpg,5
IMG_20240125_100845_aug115.jpg,5
IMG20240126114549_aug116.jpg,5
IMG20240127134601_aug117.jpg,5
IMG20240127114413_aug118.jpg,5
IMG_20240125_100658_aug119.jpg,5
IMG_20240125_135334_aug120.jpg,5
IMG20240126104934_aug121.jpg,5
IMG20240126105000_aug122.jpg,5
IMG_20240125_110822_aug123.jpg,5
IMG20240127092807_aug124.jpg,5
IMG20240126114543_aug125.jpg,5
IMG20240127134902_aug126.jpg,5
IMG_20240125_094538_aug127.jpg,5
IMG20240126104955_aug128.jpg,5
IMG20240127134747_aug129.jpg,5
IMG20240126114623_aug130.jpg,5
IMG20240126104922_aug131.jpg,5
IMG_20240125_114719_aug132.jpg,5
IMG_20240125_094553_aug133.jpg,5
IMG20240126104945_aug134.jpg,5
IMG20240127103940_aug135.jpg,5
IMG20240126114609_aug136.jpg,5
IMG_20240125_110641_aug137.jpg,5
IMG20240126144145_aug138.jpg,5
IMG_20240125_114642_aug139.jpg,5
IMG_20240125_104942_aug140.jpg,5
IMG_20240125_132926_aug141.jpg,5
IMG_20240125_100823_aug142.jpg,5
IMG_20240125_132651_aug143.jpg,5
IMG20240127092955_aug144.jpg,5
IMG_20240125_114558_aug145.jpg,5
IMG20240127134556_aug146.jpg,5
IMG20240127103836_aug147.jpg,5
IMG_20240125_135325_aug148.jpg,5
IMG20240126114458_aug149.jpg,5
IMG20240127092945_aug150.jpg,5
IMG20240127114552_aug151.jpg,5
IMG20240127134545_aug152.jpg,5
IMG20240126105023_aug153.jpg,5
IMG20240127103959_aug154.jpg,5
IMG_20240125_100856_aug155.jpg,5
IMG_20240125_105030_aug156.jpg,5
IMG20240127104048_aug157.jpg,5
IMG20240126094542_aug158.jpg,5
IMG20240126114558_aug159.jpg,5
IMG_20240125_100724_aug160.jpg,5
IMG20240126105012_aug161.jpg,5
IMG_20240125_094534_aug162.jpg,5
IMG_20240125_094510_aug163.jpg,5
IMG20240127092837_aug164.jpg,5
IMG_20240125_110806_aug165.jpg,5
IMG_20240125_132710_aug166.jpg,5
IMG20240126144127_aug167.jpg,5
IMG20240127134914_aug168.jpg,5
IMG20240126104941_aug169.jpg,5
IMG20240126114444_aug170.jpg,5
IMG20240127093024_aug171.jpg,5
IMG20240126094539_aug172.jpg,5
IMG20240126144241_aug173.jpg,5
IMG_20240125_094703_aug174.jpg,5
IMG20240126094516_aug175.jpg,5
IMG_20240125_110858_aug176.jpg,5
IMG20240126144310_aug177.jpg,5
IMG_20240125_132919_aug178.jpg,5
IMG_20240125_094627_aug179.jpg,5
IMG20240127134712_aug180.jpg,5
IMG20240127114611_aug181.jpg,5
IMG20240126144140_aug182.jpg,5
IMG_20240125_104902_aug183.jpg,5
IMG_20240125_094527_aug184.jpg,5
IMG_20240125_114619_aug185.jpg,5
IMG_20240125_104848_aug186.jpg,5
IMG_20240125_110914_aug187.jpg,5
IMG20240126104929_aug188.jpg,5
IMG_20240125_105005_aug189.jpg,5
IMG20240126094454_aug190.jpg,5
IMG20240127104102_aug191.jpg,5
IMG_20240125_135450_aug192.jpg,5
IMG20240126144202_aug193.jpg,5
IMG20240126094436_aug194.jpg,5
IMG20240127134905_aug195.jpg,5
IMG_20240125_100712_aug196.jpg,5
IMG20240127114445_aug197.jpg,5
IMG20240126144259_aug198.jpg,5
IMG_20240125_110841_aug199.jpg,5
IMG20240127092827_aug200.jpg,5
IMG_20240125_100812_aug201.jpg,5
IMG_20240125_120413_aug202.jpg,5
IMG_20240125_114727_aug203.jpg,5
IMG20240121091721_aug0.jpg,8
IMG20240120101900_aug1.jpg,8
IMG20240120145953_aug2.jpg,8
IMG20240121115023_aug3.jpg,8
IMG20240120113321_aug4.jpg,8
IMG20240120113457_aug5.jpg,8
IMG20240120113413_aug6.jpg,8
IMG20240120145957_aug7.jpg,8
IMG20240121091420_aug8.jpg,8
IMG20240120102018_aug9.jpg,8
IMG20240120101955_aug10.jpg,8
IMG20240121115156_aug11.jpg,8
IMG20240121091411_aug12.jpg,8
IMG20240120151216_aug13.jpg,8
IMG20240120150006_aug14.jpg,8
IMG20240120125343_aug15.jpg,8
IMG20240120145832_aug16.jpg,8
IMG20240121112802_aug17.jpg,8
IMG20240121100434_aug18.jpg,8
IMG20240120125351_aug19.jpg,8
IMG20240121112516_aug20.jpg,8
IMG20240120132157_aug21.jpg,8
IMG20240120125254_aug22.jpg,8
IMG20240120151205_aug23.jpg,8
IMG20240121115504_aug24.jpg,8
IMG20240120130401_aug25.jpg,8
IMG20240120125221_aug26.jpg,8
IMG20240120113611_aug27.jpg,8
IMG20240120131929_aug28.jpg,8
IMG20240120151355_aug29.jpg,8
IMG20240121141343_aug30.jpg,8
IMG20240121103015_aug31.jpg,8
IMG20240120113344_aug32.jpg,8
IMG20240120134630_aug33.jpg,8
IMG20240120132132_aug34.jpg,8
IMG20240121115130_aug35.jpg,8
IMG20240121141448_aug36.jpg,8
IMG20240121141553_aug37.jpg,8
IMG20240121112533_aug38.jpg,8
IMG20240121100317_aug39.jpg,8
IMG20240120131913_aug40.jpg,8
IMG20240121091745_aug41.jpg,8
IMG20240120134617_aug42.jpg,8
IMG20240120144539_aug43.jpg,8
IMG20240120145904_aug44.jpg,8
IMG20240120145901_aug45.jpg,8
IMG20240121115148_aug46.jpg,8
IMG20240121112546_aug47.jpg,8
IMG20240121103223_aug48.jpg,8
IMG20240120102002_aug49.jpg,8
IMG20240120101925_aug50.jpg,8
IMG20240120125228_aug51.jpg,8
IMG20240121100403_aug52.jpg,8
IMG20240120134850_aug53.jpg,8
IMG20240120132137_aug54.jpg,8
IMG20240121112612_aug55.jpg,8
IMG20240120151335_aug56.jpg,8
IMG20240120145851_aug57.jpg,8
IMG20240120101855_aug58.jpg,8
IMG20240120101916_aug59.jpg,8
IMG20240120102004_aug60.jpg,8
IMG20240121102849_aug61.jpg,8
IMG20240120113409_aug62.jpg,8
IMG20240120144509_aug63.jpg,8
IMG20240120101919_aug64.jpg,8
IMG20240121091656_aug65.jpg,8
IMG20240120113615_aug66.jpg,8
IMG20240120134500_aug67.jpg,8
IMG20240121112735_aug68.jpg,8
IMG20240120134533_aug69.jpg,8
IMG20240120130432_aug70.jpg,8
IMG20240120134740_aug71.jpg,8
IMG20240121141624_aug72.jpg,8
IMG20240120132120_aug73.jpg,8
IMG20240120144547_aug74.jpg,8
IMG20240121091625_aug75.jpg,8
IMG20240121115531_aug76.jpg,8
IMG20240121115302_aug77.jpg,8
IMG20240121112649_aug78.jpg,8
IMG20240120132150_aug79.jpg,8
IMG20240120145808_aug80.jpg,8
IMG20240121141438_aug81.jpg,8
IMG20240120151323_aug82.jpg,8
IMG20240121091535_aug83.jpg,8
IMG20240121102901_aug84.jpg,8
IMG20240121091539_aug85.jpg,8
IMG20240121112740_aug86.jpg,8
IMG20240121091750_aug87.jpg,8
IMG20240120101937_aug88.jpg,8
IMG20240120113359_aug89.jpg,8
IMG20240120130335_aug90.jpg,8
IMG20240121112710_aug91.jpg,8
IMG20240120125159_aug92.jpg,8
IMG20240121112756_aug93.jpg,8
IMG20240121141707_aug94.jpg,8
IMG20240120145927_aug95.jpg,8
IMG20240120101943_aug96.jpg,8
IMG20240121115240_aug97.jpg,8
IMG20240120145940_aug98.jpg,8
IMG20240120132019_aug99.jpg,8
IMG20240121102917_aug100.jpg,8
IMG20240121091405_aug101.jpg,8
IMG20240120151244_aug102.jpg,8
IMG20240121100142_aug103.jpg,8
IMG20240121100204_aug104.jpg,8
IMG20240121141304_aug105.jpg,8
IMG20240120131936_aug106.jpg,8
IMG20240121103159_aug107.jpg,8
IMG20240121103123_aug108.jpg,8
IMG20240121112635_aug109.jpg,8
IMG20240120113329_aug110.jpg,8
IMG20240120151221_aug111.jpg,8
IMG20240121100239_aug112.jpg,8
IMG20240120132101_aug113.jpg,8
IMG20240120144722_aug114.jpg,8
IMG20240121100158_aug115.jpg,8
IMG20240121141330_aug116.jpg,8
IMG20240121091458_aug117.jpg,8
IMG20240121115457_aug118.jpg,8
IMG20240121112722_aug119.jpg,8
IMG20240120151145_aug120.jpg,8
IMG20240120145915_aug121.jpg,8
IMG20240120151249_aug122.jpg,8
IMG20240120113348_aug123.jpg,8
IMG20240120134712_aug124.jpg,8
IMG20240120144525_aug125.jpg,8
IMG20240120144706_aug126.jpg,8
IMG20240121141420_aug127.jpg,8
IMG20240121141616_aug128.jpg,8
IMG20240121103105_aug129.jpg,8
IMG20240121091619_aug130.jpg,8
IMG20240121115219_aug131.jpg,8
IMG20240120134636_aug132.jpg,8
IMG20240120151234_aug133.jpg,8
IMG20240121141702_aug134.jpg,8
IMG20240121100304_aug135.jpg,8
IMG20240121141513_aug136.jpg,8
IMG20240120131834_aug137.jpg,8
IMG20240120151304_aug138.jpg,8
IMG20240120144450_aug139.jpg,8
IMG20240120134527_aug140.jpg,8
IMG20240121115017_aug141.jpg,8
IMG20240121100244_aug142.jpg,8
IMG20240120101934_aug143.jpg,8
IMG20240120134612_aug144.jpg,8
IMG20240121091715_aug145.jpg,8
IMG20240120131850_aug146.jpg,8
IMG20240121100106_aug147.jpg,8
IMG20240120113434_aug148.jpg,8
IMG20240121141402_aug149.jpg,8
IMG20240120125317_aug150.jpg,8
IMG20240121100223_aug151.jpg,8
IMG20240120150011_aug152.jpg,8
IMG20240120144628_aug153.jpg,8
IMG20240120113422_aug154.jpg,8
IMG20240121091519_aug155.jpg,8
IMG20240120125244_aug156.jpg,8
IMG20240120131947_aug157.jpg,8
IMG20240120134834_aug158.jpg,8
IMG20240120130345_aug159.jpg,8
IMG20240121100336_aug160.jpg,8
IMG20240120130445_aug161.jpg,8
IMG20240120151319_aug162.jpg,8
IMG20240120144558_aug163.jpg,8
IMG20240121102950_aug164.jpg,8
IMG20240121100430_aug165.jpg,8
IMG20240121141519_aug166.jpg,8
IMG20240120151358_aug167.jpg,8
IMG20240121115100_aug168.jpg,8
IMG20240120145912_aug169.jpg,8
IMG20240121100341_aug170.jpg,8
IMG20240120134552_aug171.jpg,8
IMG20240120101910_aug172.jpg,8
IMG20240120145828_aug173.jpg,8
IMG20240120130514_aug174.jpg,8
IMG20240120132038_aug175.jpg,8
IMG20240121102928_aug176.jpg,8
IMG20240120134816_aug177.jpg,8
IMG20240120151140_aug178.jpg,8
IMG20240121091721_aug179.jpg,8
IMG20240120101900_aug180.jpg,8
IMG20240120145953_aug181.jpg,8
IMG20240121115023_aug182.jpg,8
IMG20240120113321_aug183.jpg,8
IMG20240120113457_aug184.jpg,8
IMG20240120113413_aug185.jpg,8
IMG20240120145957_aug186.jpg,8
IMG20240121091420_aug187.jpg,8
IMG20240120102018_aug188.jpg,8
IMG20240120101955_aug189.jpg,8
IMG20240121115156_aug190.jpg,8
IMG20240121091411_aug191.jpg,8
IMG20240120151216_aug192.jpg,8
IMG20240120150006_aug193.jpg,8
IMG20240120125343_aug194.jpg,8
IMG20240120145832_aug195.jpg,8
IMG20240121112802_aug196.jpg,8
IMG20240121100434_aug197.jpg,8
IMG20240120125351_aug198.jpg,8
IMG20240121112516_aug199.jpg,8
IMG20240120132157_aug200.jpg,8
IMG20240120125254_aug201.jpg,8
IMG20240120151205_aug202.jpg,8
IMG20240121115504_aug203.jpg,8
IMG20240120130401_aug204.jpg,8
IMG20240120125221_aug205.jpg,8
IMG20240120113611_aug206.jpg,8
IMG20240120131929_aug207.jpg,8
IMG20240120151355_aug208.jpg,8
IMG20240121141343_aug209.jpg,8
IMG20240121103015_aug210.jpg,8
IMG20240120113344_aug211.jpg,8
IMG20240120134630_aug212.jpg,8
IMG20240120132132_aug213.jpg,8
IMG20240121115130_aug214.jpg,8
IMG20240121141448_aug215.jpg,8
IMG20240121141553_aug216.jpg,8
IMG20240121112533_aug217.jpg,8
IMG20240121100317_aug218.jpg,8
IMG20240120131913_aug219.jpg,8
IMG20240121091745_aug220.jpg,8
IMG20240120134617_aug221.jpg,8
IMG20240120144539_aug222.jpg,8
IMG20240120145904_aug223.jpg,8
IMG20240120145901_aug224.jpg,8
IMG20240121115148_aug225.jpg,8
IMG20240121112546_aug226.jpg,8
IMG20240121103223_aug227.jpg,8
IMG20240120102002_aug228.jpg,8
IMG20240120101925_aug229.jpg,8
IMG20240120100113_aug0.jpg,9
1000212453_aug1.jpg,9
IMG20240120110936_aug2.jpg,9
IMG20240119115920_aug3.jpg,9
IMG20240119152013_aug4.jpg,9
IMG20240119154223_aug5.jpg,9
IMG20240119123225_aug6.jpg,9
IMG20240119155846_aug7.jpg,9
IMG20240120115544_aug8.jpg,9
1000212432_aug9.jpg,9
IMG20240119155732_aug10.jpg,9
1000212464_aug11.jpg,9
IMG20240119155641_aug12.jpg,9
1000212451_aug13.jpg,9
IMG20240119122459_aug14.jpg,9
IMG20240119124458_aug15.jpg,9
IMG20240119155905_aug16.jpg,9
IMG20240120100241_aug17.jpg,9
IMG20240119123101_aug18.jpg,9
IMG20240119123209_aug19.jpg,9
IMG20240120115459_aug20.jpg,9
IMG20240120103454_aug21.jpg,9
IMG20240119124210_aug22.jpg,9
IMG20240120103442_aug23.jpg,9
1000212426_aug24.jpg,9
IMG20240120115443_aug25.jpg,9
1000212431_aug26.jpg,9
IMG20240119151909_aug27.jpg,9
IMG20240120100142_aug28.jpg,9
IMG20240119124439_aug29.jpg,9
IMG20240120100321_aug30.jpg,9
IMG20240119124727_aug31.jpg,9
1000212430_aug32.jpg,9
IMG20240119121445_aug33.jpg,9
IMG20240119155717_aug34.jpg,9
IMG20240120100216_aug35.jpg,9
IMG20240119152232_aug36.jpg,9
IMG20240119155831_aug37.jpg,9
IMG20240119152158_aug38.jpg,9
IMG20240120115342_aug39.jpg,9
IMG20240120103549_aug40.jpg,9
IMG20240119153856_aug41.jpg,9
1000212420_aug42.jpg,9
IMG20240119121203_aug43.jpg,9
1000212450_aug44.jpg,9
IMG20240119160011_aug45.jpg,9
IMG20240119153925_aug46.jpg,9
1000212456_aug47.jpg,9
IMG20240119151739_aug48.jpg,9
IMG20240119123216_aug49.jpg,9
IMG20240119124132_aug50.jpg,9
IMG20240119153932_aug51.jpg,9
1000212444_aug52.jpg,9
1000212414_aug53.jpg,9
IMG20240120100131_aug54.jpg,9
IMG20240120110947_aug55.jpg,9
IMG20240119121953_aug56.jpg,9
IMG20240119155736_aug57.jpg,9
IMG20240120100324_aug58.jpg,9
IMG20240120115606_aug59.jpg,9
IMG20240119123152_aug60.jpg,9
IMG20240120115456_aug61.jpg,9
IMG20240119120423_aug62.jpg,9
IMG20240120103438_aug63.jpg,9
IMG20240120110907_aug64.jpg,9
IMG20240120115547_aug65.jpg,9
IMG20240119152037_aug66.jpg,9
IMG20240119120155_aug67.jpg,9
1000212466_aug68.jpg,9
1000212424_aug69.jpg,9
IMG20240119120619_aug70.jpg,9
IMG20240119120224_aug71.jpg,9
1000212447_aug72.jpg,9
IMG20240120103538_aug73.jpg,9
IMG20240120103617_aug74.jpg,9
IMG20240119124158_aug75.jpg,9
IMG20240119154101_aug76.jpg,9
IMG20240120110822_aug77.jpg,9
IMG20240120115523_aug78.jpg,9
IMG20240120103546_aug79.jpg,9
IMG20240119124428_aug80.jpg,9
IMG20240119120654_aug81.jpg,9
IMG20240120100220_aug82.jpg,9
IMG20240120103425_aug83.jpg,9
IMG20240119152044_aug84.jpg,9
IMG20240119120637_aug85.jpg,9
IMG20240120110735_aug86.jpg,9
IMG20240119121434_aug87.jpg,9
IMG20240119124733_aug88.jpg,9
IMG20240119160102_aug89.jpg,9
IMG20240120110815_aug90.jpg,9
IMG20240119160046_aug91.jpg,9
IMG20240119154156_aug92.jpg,9
IMG20240120100125_aug93.jpg,9
IMG20240119154232_aug94.jpg,9
IMG20240119155813_aug95.jpg,9
1000212454_aug96.jpg,9
IMG20240119120413_aug97.jpg,9
IMG20240119155709_aug98.jpg,9
1000212422_aug99.jpg,9
IMG20240119152250_aug100.jpg,9
IMG20240120110852_aug101.jpg,9
IMG20240120115350_aug102.jpg,9
IMG20240120115507_aug103.jpg,9
IMG20240120100138_aug104.jpg,9
IMG20240119125241_aug105.jpg,9
IMG20240119125339_aug106.jpg,9
IMG20240119152005_aug107.jpg,9
IMG20240119122406_aug108.jpg,9
1000212433_aug109.jpg,9
1000212448_aug110.jpg,9
IMG20240119122436_aug111.jpg,9
IMG20240119151936_aug112.jpg,9
IMG20240119154002_aug113.jpg,9
IMG20240120110840_aug114.jpg,9
IMG20240120103519_aug115.jpg,9
IMG20240120110920_aug116.jpg,9
IMG20240119160024_aug117.jpg,9
IMG20240119153911_aug118.jpg,9
IMG20240119160057_aug119.jpg,9
IMG20240119124758_aug120.jpg,9
IMG20240120115558_aug121.jpg,9
IMG20240120103556_aug122.jpg,9
1000212415_aug123.jpg,9
IMG20240119152135_aug124.jpg,9
IMG20240119123133_aug125.jpg,9
IMG20240119125332_aug126.jpg,9
IMG20240120110942_aug127.jpg,9
IMG20240120115554_aug128.jpg,9
1000212458_aug129.jpg,9
IMG20240119124749_aug130.jpg,9
IMG20240119123147_aug131.jpg,9
1000212421_aug132.jpg,9
IMG20240119152257_aug133.jpg,9
IMG20240119154137_aug134.jpg,9
1000212423_aug135.jpg,9
IMG20240120110741_aug136.jpg,9
IMG20240119125222_aug137.jpg,9
IMG20240120103614_aug138.jpg,9
IMG20240119155900_aug139.jpg,9
IMG20240120100252_aug140.jpg,9
IMG20240119122445_aug141.jpg,9
IMG20240119151758_aug142.jpg,9
IMG20240120115609_aug143.jpg,9
IMG20240120115531_aug144.jpg,9
IMG20240120115435_aug145.jpg,9
1000212463_aug146.jpg,9
IMG20240120110931_aug147.jpg,9
IMG20240119154056_aug148.jpg,9
1000212418_aug149.jpg,9
IMG20240119125212_aug150.jpg,9
1000212419_aug151.jpg,9
IMG20240120100115_aug152.jpg,9
IMG20240120110849_aug153.jpg,9
IMG20240120100113_aug154.jpg,9
1000212453_aug155.jpg,9
IMG20240120110936_aug156.jpg,9
IMG20240119115920_aug157.jpg,9
IMG20240119152013_aug158.jpg,9
IMG20240119154223_aug159.jpg,9
IMG20240119123225_aug160.jpg,9
IMG20240119155846_aug161.jpg,9
IMG20240120115544_aug162.jpg,9
1000212432_aug163.jpg,9
IMG20240119155732_aug164.jpg,9
1000212464_aug165.jpg,9
IMG20240119155641_aug166.jpg,9
1000212451_aug167.jpg,9
IMG20240119122459_aug168.jpg,9
IMG20240119124458_aug169.jpg,9
IMG20240119155905_aug170.jpg,9
IMG20240120100241_aug171.jpg,9
IMG20240119123101_aug172.jpg,9
IMG20240119123209_aug173.jpg,9
IMG20240120115459_aug174.jpg,9
IMG20240120103454_aug175.jpg,9
IMG20240119124210_aug176.jpg,9
IMG20240120103442_aug177.jpg,9
1000212426_aug178.jpg,9
IMG20240120115443_aug179.jpg,9
1000212431_aug180.jpg,9
IMG20240119151909_aug181.jpg,9
IMG20240120100142_aug182.jpg,9
IMG20240119124439_aug183.jpg,9
IMG20240120100321_aug184.jpg,9
IMG20240119124727_aug185.jpg,9
1000212430_aug186.jpg,9
IMG20240119121445_aug187.jpg,9
IMG20240119155717_aug188.jpg,9
IMG20240120100216_aug189.jpg,9
IMG20240119152232_aug190.jpg,9
IMG20240119155831_aug191.jpg,9
IMG20240119152158_aug192.jpg,9
IMG20240120115342_aug193.jpg,9
IMG20240120103549_aug194.jpg,9
IMG20240119153856_aug195.jpg,9
1000212420_aug196.jpg,9
IMG20240119121203_aug197.jpg,9
1000212450_aug198.jpg,9
IMG20240119160011_aug199.jpg,9
IMG20240119153925_aug200.jpg,9
1000212456_aug201.jpg,9
IMG20240119151739_aug202.jpg,9
IMG20240119123216_aug203.jpg,9
IMG20240119124132_aug204.jpg,9
IMG20240119153932_aug205.jpg,9
1000212444_aug206.jpg,9
1000212414_aug207.jpg,9
IMG20240120100131_aug208.jpg,9
IMG20240120110947_aug209.jpg,9
IMG20240119121953_aug210.jpg,9
IMG20240119155736_aug211.jpg,9
IMG20240120100324_aug212.jpg,9
IMG20240120115606_aug213.jpg,9
IMG20240119123152_aug214.jpg,9
IMG20240120115456_aug215.jpg,9
IMG20240119120423_aug216.jpg,9
IMG20240120103438_aug217.jpg,9
IMG20240120110907_aug218.jpg,9
IMG20240120115547_aug219.jpg,9
IMG20240119152037_aug220.jpg,9
IMG20240119120155_aug221.jpg,9
1000212466_aug222.jpg,9
1000212424_aug223.jpg,9
IMG20240119120619_aug224.jpg,9
IMG20240119120224_aug225.jpg,9
1000212447_aug226.jpg,9
IMG20240120103538_aug227.jpg,9
IMG20240120103617_aug228.jpg,9
IMG20240119124158_aug229.jpg,9
IMG20240119154101_aug230.jpg,9
IMG20240120110822_aug231.jpg,9
IMG20240120115523_aug232.jpg,9
IMG20240120103546_aug233.jpg,9
IMG20240119124428_aug234.jpg,9
IMG20240119120654_aug235.jpg,9
IMG20240120100220_aug236.jpg,9
IMG20240120103425_aug237.jpg,9
IMG20240119152044_aug238.jpg,9
IMG20240119120637_aug239.jpg,9
IMG20240120110735_aug240.jpg,9
IMG20240119121434_aug241.jpg,9
IMG20240119124733_aug242.jpg,9
IMG20240119160102_aug243.jpg,9
IMG20240120110815_aug244.jpg,9
IMG20240119160046_aug245.jpg,9
IMG20240119154156_aug246.jpg,9
IMG20240120100125_aug247.jpg,9
IMG20240119154232_aug248.jpg,9
IMG20240119155813_aug249.jpg,9
1000212454_aug250.jpg,9
IMG20240119120413_aug251.jpg,9
IMG20240119155709_aug252.jpg,9
1000212422_aug253.jpg,9
IMG20240119152250_aug254.jpg,9
IMG20240129122545_aug0.jpg,2
IMG20240129100425_aug1.jpg,2
IMG20240129103914_aug2.jpg,2
IMG_20240128_105529_aug3.jpg,2
IMG20240129100348_aug4.jpg,2
IMG_20240128_094645_aug5.jpg,2
IMG20240129122626_aug6.jpg,2
IMG20240129094407_aug7.jpg,2
IMG20240129122510_aug8.jpg,2
IMG_20240128_121049_aug9.jpg,2
IMG20240129094401_aug10.jpg,2
IMG20240129103900_aug11.jpg,2
IMG20240129105828_aug12.jpg,2
IMG20240129143348_aug13.jpg,2
IMG20240129094232_aug14.jpg,2
IMG_20240128_120921_aug15.jpg,2
IMG20240129105900_aug16.jpg,2
IMG20240129094341_aug17.jpg,2
IMG20240129125641_aug18.jpg,2
IMG_20240128_142233_aug19.jpg,2
IMG_20240128_142332_aug20.jpg,2
IMG_20240128_121159_aug21.jpg,2
IMG20240129100439_aug22.jpg,2
IMG20240129125743_aug23.jpg,2
IMG_20240128_142522_aug24.jpg,2
IMG20240129104010_aug25.jpg,2
IMG_20240128_105332_aug26.jpg,2
IMG_20240128_121215_aug27.jpg,2
IMG20240129125653_aug28.jpg,2
IMG20240129143334_aug29.jpg,2
IMG20240129122538_aug30.jpg,2
IMG20240129143207_aug31.jpg,2
IMG20240129094304_aug32.jpg,2
IMG_20240128_142535_aug33.jpg,2
IMG20240129125613_aug34.jpg,2
IMG20240129145454_aug35.jpg,2
IMG_20240128_094755_aug36.jpg,2
IMG20240129122633_aug37.jpg,2
IMG20240129145350_aug38.jpg,2
IMG20240129094254_aug39.jpg,2
IMG_20240128_094634_aug40.jpg,2
IMG_20240128_121056_aug41.jpg,2
IMG20240129145325_aug42.jpg,2
IMG20240129094330_aug43.jpg,2
IMG20240129105922_aug44.jpg,2
IMG_20240128_121117_aug45.jpg,2
IMG20240129125650_aug46.jpg,2
IMG20240129103933_aug47.jpg,2
IMG20240129094315_aug48.jpg,2
IMG_20240128_105351_aug49.jpg,2
IMG20240129104018_aug50.jpg,2
IMG20240129125558_aug51.jpg,2
IMG_20240128_094617_aug52.jpg,2
IMG20240129145418_aug53.jpg,2
IMG_20240128_094745_aug54.jpg,2
IMG20240129103923_aug55.jpg,2
IMG20240129105932_aug56.jpg,2
IMG_20240128_121035_aug57.jpg,2
IMG20240129103910_aug58.jpg,2
IMG20240129143345_aug59.jpg,2
IMG_20240128_105535_aug60.jpg,2
IMG20240129125623_aug61.jpg,2
IMG20240129143255_aug62.jpg,2
IMG20240129094349_aug63.jpg,2
IMG20240129100428_aug64.jpg,2
IMG20240129103920_aug65.jpg,2
IMG_20240128_142543_aug66.jpg,2
IMG20240129110048_aug67.jpg,2
IMG20240129145442_aug68.jpg,2
IMG_20240128_105341_aug69.jpg,2
IMG20240129124032_aug70.jpg,2
IMG_20240128_142514_aug71.jpg,2
IMG20240129145338_aug72.jpg,2
IMG_20240128_094346_aug73.jpg,2
IMG20240129094245_aug74.jpg,2
IMG20240129104002_aug75.jpg,2
IMG20240129094242_aug76.jpg,2
IMG20240129100510_aug77.jpg,2
IMG_20240128_094516_aug78.jpg,2
IMG20240129145425_aug79.jpg,2
IMG20240129100515_aug80.jpg,2
IMG_20240128_094326_aug81.jpg,2
IMG_20240128_142419_aug82.jpg,2
IMG_20240128_094627_aug83.jpg,2
IMG20240129143315_aug84.jpg,2
IMG_20240128_105522_aug85.jpg,2
IMG20240129100401_aug86.jpg,2
IMG20240129100501_aug87.jpg,2
IMG20240129100451_aug88.jpg,2
IMG20240129143327_aug89.jpg,2
IMG20240129094327_aug90.jpg,2
IMG20240129125552_aug91.jpg,2
IMG_20240128_121027_aug92.jpg,2
IMG20240129122608_aug93.jpg,2
IMG_20240128_094735_aug94.jpg,2
IMG20240129125547_aug95.jpg,2
IMG_20240128_142259_aug96.jpg,2
IMG20240129103904_aug97.jpg,2
IMG_20240128_142432_aug98.jpg,2
IMG_20240128_105436_aug99.jpg,2
IMG20240129145414_aug100.jpg,2
IMG_20240128_142253_aug101.jpg,2
IMG_20240128_121139_aug102.jpg,2
IMG20240129145321_aug103.jpg,2
IMG_20240128_094540_aug104.jpg,2
IMG_20240128_105445_aug105.jpg,2
IMG_20240128_094548_aug106.jpg,2
IMG_20240128_094727_aug107.jpg,2
IMG20240129094301_aug108.jpg,2
IMG_20240128_094530_aug109.jpg,2
IMG20240129103959_aug110.jpg,2
IMG20240129143226_aug111.jpg,2
IMG20240129100528_aug112.jpg,2
IMG20240129103836_aug113.jpg,2
IMG20240129125610_aug114.jpg,2
IMG20240129110044_aug115.jpg,2
IMG20240129105832_aug116.jpg,2
IMG_20240128_142316_aug117.jpg,2
IMG20240129143324_aug118.jpg,2
IMG_20240128_105450_aug119.jpg,2
IMG_20240128_105508_aug120.jpg,2
IMG20240129125659_aug121.jpg,2
IMG20240129145402_aug122.jpg,2
IMG_20240128_105547_aug123.jpg,2
IMG20240129143306_aug124.jpg,2
IMG20240129103954_aug125.jpg,2
IMG20240129094318_aug126.jpg,2
IMG_20240128_142342_aug127.jpg,2
IMG20240129122605_aug128.jpg,2
IMG20240129122616_aug129.jpg,2
IMG20240129145406_aug130.jpg,2
IMG_20240128_121040_aug131.jpg,2
IMG20240129125739_aug132.jpg,2
IMG20240129145430_aug133.jpg,2
IMG20240129143214_aug134.jpg,2
IMG20240129094250_aug135.jpg,2
IMG_20240128_121106_aug136.jpg,2
IMG20240129100408_aug137.jpg,2
IMG20240129122622_aug138.jpg,2
IMG_20240128_121131_aug139.jpg,2
IMG20240129105907_aug140.jpg,2
IMG_20240128_142311_aug141.jpg,2
IMG20240129122521_aug142.jpg,2
IMG20240129124030_aug143.jpg,2
IMG20240129143339_aug144.jpg,2
IMG20240129100358_aug145.jpg,2
IMG20240129122614_aug146.jpg,2
IMG20240129143218_aug147.jpg,2
IMG20240129122636_aug148.jpg,2
IMG20240129100351_aug149.jpg,2
IMG20240129125731_aug150.jpg,2
IMG_20240128_094610_aug151.jpg,2
IMG20240129094351_aug152.jpg,2
IMG_20240128_121015_aug153.jpg,2
IMG20240129122545_aug154.jpg,2
IMG20240129100425_aug155.jpg,2
IMG20240129103914_aug156.jpg,2
IMG_20240128_105529_aug157.jpg,2
IMG20240129100348_aug158.jpg,2
IMG_20240128_094645_aug159.jpg,2
IMG20240129122626_aug160.jpg,2
IMG20240129094407_aug161.jpg,2
IMG20240129122510_aug162.jpg,2
IMG_20240128_121049_aug163.jpg,2
IMG20240129094401_aug164.jpg,2
IMG20240129103900_aug165.jpg,2
IMG20240129105828_aug166.jpg,2
IMG20240129143348_aug167.jpg,2
IMG20240129094232_aug168.jpg,2
IMG_20240128_120921_aug169.jpg,2
IMG20240129105900_aug170.jpg,2
IMG20240129094341_aug171.jpg,2
IMG20240129125641_aug172.jpg,2
IMG_20240128_142233_aug173.jpg,2
IMG_20240128_142332_aug174.jpg,2
IMG_20240128_121159_aug175.jpg,2
IMG20240129100439_aug176.jpg,2
IMG20240129125743_aug177.jpg,2
IMG_20240128_142522_aug178.jpg,2
IMG20240129104010_aug179.jpg,2
IMG_20240128_105332_aug180.jpg,2
IMG_20240128_121215_aug181.jpg,2
IMG20240129125653_aug182.jpg,2
IMG20240129143334_aug183.jpg,2
IMG20240129122538_aug184.jpg,2
IMG20240129143207_aug185.jpg,2
IMG20240129094304_aug186.jpg,2
IMG_20240128_142535_aug187.jpg,2
IMG20240129125613_aug188.jpg,2
IMG20240129145454_aug189.jpg,2
IMG_20240128_094755_aug190.jpg,2
IMG20240129122633_aug191.jpg,2
IMG20240129145350_aug192.jpg,2
IMG20240129094254_aug193.jpg,2
IMG_20240128_094634_aug194.jpg,2
IMG_20240128_121056_aug195.jpg,2
IMG20240129145325_aug196.jpg,2
IMG20240129094330_aug197.jpg,2
IMG20240129105922_aug198.jpg,2
IMG_20240128_121117_aug199.jpg,2
IMG20240129125650_aug200.jpg,2
IMG20240129103933_aug201.jpg,2
IMG20240129094315_aug202.jpg,2
IMG_20240128_105351_aug203.jpg,2
IMG20240129104018_aug204.jpg,2
IMG20240129125558_aug205.jpg,2
IMG_20240128_094617_aug206.jpg,2
IMG20240129145418_aug207.jpg,2
IMG_20240128_094745_aug208.jpg,2
IMG20240129103923_aug209.jpg,2
IMG20240129105932_aug210.jpg,2
IMG_20240128_121035_aug211.jpg,2
IMG20240129103910_aug212.jpg,2
IMG20240129143345_aug213.jpg,2
IMG_20240128_105535_aug214.jpg,2
IMG20240129125623_aug215.jpg,2
IMG20240129143255_aug216.jpg,2
IMG20240129094349_aug217.jpg,2
IMG20240129100428_aug218.jpg,2
IMG20240129103920_aug219.jpg,2
IMG_20240128_142543_aug220.jpg,2
IMG20240129110048_aug221.jpg,2
IMG20240129145442_aug222.jpg,2
IMG_20240128_105341_aug223.jpg,2
IMG20240129124032_aug224.jpg,2
IMG_20240128_142514_aug225.jpg,2
IMG20240129145338_aug226.jpg,2
IMG_20240128_094346_aug227.jpg,2
IMG20240129094245_aug228.jpg,2
IMG20240129104002_aug229.jpg,2
IMG20240129094242_aug230.jpg,2
IMG20240129100510_aug231.jpg,2
IMG_20240128_094516_aug232.jpg,2
IMG20240129145425_aug233.jpg,2
IMG20240129100515_aug234.jpg,2
IMG_20240128_094326_aug235.jpg,2
IMG_20240128_142419_aug236.jpg,2
IMG_20240128_094627_aug237.jpg,2
IMG20240129143315_aug238.jpg,2
IMG_20240128_105522_aug239.jpg,2
IMG20240129100401_aug240.jpg,2
IMG20240129100501_aug241.jpg,2
IMG20240129100451_aug242.jpg,2
IMG20240129143327_aug243.jpg,2
IMG20240129094327_aug244.jpg,2
IMG20240129125552_aug245.jpg,2
IMG_20240128_121027_aug246.jpg,2
IMG20240129122608_aug247.jpg,2
IMG_20240128_094735_aug248.jpg,2
IMG20240129125547_aug249.jpg,2
IMG_20240128_142259_aug250.jpg,2
IMG20240129103904_aug251.jpg,2
IMG_20240128_142432_aug252.jpg,2
IMG_20240128_105436_aug253.jpg,2
IMG20240129145414_aug254.jpg,2
IMG_20240128_123207_aug0.jpg,3
IMG_20240128_100339_aug1.jpg,3
IMG_20240128_100515_aug2.jpg,3
IMG_20240128_100417_aug3.jpg,3
IMG_20240128_110947_aug4.jpg,3
IMG_20240128_144412_aug5.jpg,3
IMG_20240128_144424_aug6.jpg,3
IMG_20240128_123224_aug7.jpg,3
IMG_20240128_111030_aug8.jpg,3
IMG_20240128_110925_aug9.jpg,3
IMG_20240128_144431_aug10.jpg,3
IMG_20240128_100454_aug11.jpg,3
IMG_20240128_123350_aug12.jpg,3
IMG_20240128_100404_aug13.jpg,3
IMG_20240128_144207_aug14.jpg,3
IMG_20240128_123319_aug15.jpg,3
IMG_20240128_100329_aug16.jpg,3
IMG_20240128_123333_aug17.jpg,3
IMG_20240128_111108_aug18.jpg,3
IMG_20240128_100534_aug19.jpg,3
IMG_20240128_144241_aug20.jpg,3
IMG_20240128_100428_aug21.jpg,3
IMG_20240128_144126_aug22.jpg,3
IMG_20240128_123325_aug23.jpg,3
IMG_20240128_144347_aug24.jpg,3
IMG_20240128_100604_aug25.jpg,3
IMG_20240128_100504_aug26.jpg,3
IMG_20240128_111022_aug27.jpg,3
IMG_20240128_123240_aug28.jpg,3
IMG_20240128_144216_aug29.jpg,3
IMG_20240128_111041_aug30.jpg,3
IMG_20240128_123346_aug31.jpg,3
IMG_20240128_144308_aug32.jpg,3
IMG_20240128_110918_aug33.jpg,3
IMG_20240128_111055_aug34.jpg,3
IMG_20240128_100408_aug35.jpg,3
IMG_20240128_144356_aug36.jpg,3
IMG_20240128_144447_aug37.jpg,3
IMG_20240128_100547_aug38.jpg,3
IMG_20240128_111117_aug39.jpg,3
IMG_20240128_123518_aug40.jpg,3
IMG_20240128_123257_aug41.jpg,3
IMG_20240128_100322_aug42.jpg,3
IMG_20240128_123214_aug43.jpg,3
IMG_20240128_144142_aug44.jpg,3
IMG_20240128_100618_aug45.jpg,3
IMG_20240128_144235_aug46.jpg,3
IMG_20240128_123307_aug47.jpg,3
IMG_20240128_123207_aug48.jpg,3
IMG_20240128_100339_aug49.jpg,3
IMG_20240128_100515_aug50.jpg,3
IMG_20240128_100417_aug51.jpg,3
IMG_20240128_110947_aug52.jpg,3
IMG_20240128_144412_aug53.jpg,3
IMG_20240128_144424_aug54.jpg,3
IMG_20240128_123224_aug55.jpg,3
IMG_20240128_111030_aug56.jpg,3
IMG_20240128_110925_aug57.jpg,3
IMG_20240128_144431_aug58.jpg,3
IMG_20240128_100454_aug59.jpg,3
IMG_20240128_123350_aug60.jpg,3
IMG_20240128_100404_aug61.jpg,3
IMG_20240128_144207_aug62.jpg,3
IMG_20240128_123319_aug63.jpg,3
IMG_20240128_100329_aug64.jpg,3
IMG_20240128_123333_aug65.jpg,3
IMG_20240128_111108_aug66.jpg,3
IMG_20240128_100534_aug67.jpg,3
IMG_20240128_144241_aug68.jpg,3
IMG_20240128_100428_aug69.jpg,3
IMG_20240128_144126_aug70.jpg,3
IMG_20240128_123325_aug71.jpg,3
IMG_20240128_144347_aug72.jpg,3
IMG_20240128_100604_aug73.jpg,3
IMG_20240128_100504_aug74.jpg,3
IMG_20240128_111022_aug75.jpg,3
IMG_20240128_123240_aug76.jpg,3
IMG_20240128_144216_aug77.jpg,3
IMG_20240128_111041_aug78.jpg,3
IMG_20240128_123346_aug79.jpg,3
IMG_20240128_144308_aug80.jpg,3
IMG_20240128_110918_aug81.jpg,3
IMG_20240128_111055_aug82.jpg,3
IMG_20240128_100408_aug83.jpg,3
IMG_20240128_144356_aug84.jpg,3
IMG_20240128_144447_aug85.jpg,3
IMG_20240128_100547_aug86.jpg,3
IMG_20240128_111117_aug87.jpg,3
IMG_20240128_123518_aug88.jpg,3
IMG_20240128_123257_aug89.jpg,3
IMG_20240128_100322_aug90.jpg,3
IMG_20240128_123214_aug91.jpg,3
IMG_20240128_144142_aug92.jpg,3
IMG_20240128_100618_aug93.jpg,3
IMG_20240128_144235_aug94.jpg,3
IMG_20240128_123307_aug95.jpg,3
IMG_20240128_123207_aug96.jpg,3
IMG_20240128_100339_aug97.jpg,3
IMG_20240128_100515_aug98.jpg,3
IMG_20240128_100417_aug99.jpg,3
IMG_20240128_110947_aug100.jpg,3
IMG_20240128_144412_aug101.jpg,3
IMG_20240128_144424_aug102.jpg,3
IMG_20240128_123224_aug103.jpg,3
IMG_20240128_111030_aug104.jpg,3
IMG_20240128_110925_aug105.jpg,3
IMG_20240128_144431_aug106.jpg,3
IMG_20240128_100454_aug107.jpg,3
IMG_20240128_123350_aug108.jpg,3
IMG_20240128_100404_aug109.jpg,3
IMG_20240128_144207_aug110.jpg,3
IMG_20240128_123319_aug111.jpg,3
IMG_20240128_100329_aug112.jpg,3
IMG_20240128_123333_aug113.jpg,3
IMG_20240128_111108_aug114.jpg,3
IMG_20240128_100534_aug115.jpg,3
IMG_20240128_144241_aug116.jpg,3
IMG_20240128_100428_aug117.jpg,3
IMG_20240128_144126_aug118.jpg,3
IMG_20240128_123325_aug119.jpg,3
IMG_20240128_144347_aug120.jpg,3
IMG_20240128_100604_aug121.jpg,3
IMG_20240128_100504_aug122.jpg,3
IMG_20240128_111022_aug123.jpg,3
IMG_20240128_123240_aug124.jpg,3
IMG_20240128_144216_aug125.jpg,3
IMG_20240128_111041_aug126.jpg,3
IMG_20240128_123346_aug127.jpg,3
IMG_20240128_144308_aug128.jpg,3
IMG_20240128_110918_aug129.jpg,3
IMG_20240128_111055_aug130.jpg,3
IMG_20240128_100408_aug131.jpg,3
IMG_20240128_144356_aug132.jpg,3
IMG_20240128_144447_aug133.jpg,3
IMG_20240128_100547_aug134.jpg,3
IMG_20240128_111117_aug135.jpg,3
IMG_20240128_123518_aug136.jpg,3
IMG_20240128_123257_aug137.jpg,3
IMG_20240128_100322_aug138.jpg,3
IMG_20240128_123214_aug139.jpg,3
IMG_20240128_144142_aug140.jpg,3
IMG_20240128_100618_aug141.jpg,3
IMG_20240128_144235_aug142.jpg,3
IMG_20240128_123307_aug143.jpg,3
IMG_20240128_123207_aug144.jpg,3
IMG_20240128_100339_aug145.jpg,3
IMG_20240128_100515_aug146.jpg,3
IMG_20240128_100417_aug147.jpg,3
IMG_20240128_110947_aug148.jpg,3
IMG_20240128_144412_aug149.jpg,3
IMG_20240128_144424_aug150.jpg,3
IMG_20240128_123224_aug151.jpg,3
IMG_20240128_111030_aug152.jpg,3
IMG_20240128_110925_aug153.jpg,3
IMG_20240128_144431_aug154.jpg,3
IMG_20240128_100454_aug155.jpg,3
IMG_20240128_123350_aug156.jpg,3
IMG_20240128_100404_aug157.jpg,3
IMG_20240128_144207_aug158.jpg,3
IMG_20240128_123319_aug159.jpg,3
IMG_20240128_100329_aug160.jpg,3
IMG_20240128_123333_aug161.jpg,3
IMG_20240128_111108_aug162.jpg,3
IMG_20240128_100534_aug163.jpg,3
IMG_20240128_144241_aug164.jpg,3
IMG_20240128_100428_aug165.jpg,3
IMG_20240128_144126_aug166.jpg,3
IMG_20240128_123325_aug167.jpg,3
IMG_20240128_144347_aug168.jpg,3
IMG_20240128_100604_aug169.jpg,3
IMG_20240128_100504_aug170.jpg,3
IMG_20240128_111022_aug171.jpg,3
IMG_20240128_123240_aug172.jpg,3
IMG_20240128_144216_aug173.jpg,3
IMG_20240128_111041_aug174.jpg,3
IMG_20240128_123346_aug175.jpg,3
IMG_20240128_144308_aug176.jpg,3
IMG_20240128_110918_aug177.jpg,3
IMG_20240128_111055_aug178.jpg,3
IMG_20240128_100408_aug179.jpg,3
IMG_20240128_144356_aug180.jpg,3
IMG_20240128_144447_aug181.jpg,3
IMG_20240128_100547_aug182.jpg,3
IMG_20240128_111117_aug183.jpg,3
IMG_20240128_123518_aug184.jpg,3
IMG_20240128_123257_aug185.jpg,3
IMG_20240128_100322_aug186.jpg,3
IMG_20240128_123214_aug187.jpg,3
IMG_20240128_144142_aug188.jpg,3
IMG_20240128_100618_aug189.jpg,3
IMG_20240128_144235_aug190.jpg,3
IMG_20240128_123307_aug191.jpg,3
IMG_20240128_123207_aug192.jpg,3
IMG_20240128_100339_aug193.jpg,3
IMG_20240128_100515_aug194.jpg,3
IMG_20240128_100417_aug195.jpg,3
IMG_20240128_110947_aug196.jpg,3
IMG_20240128_144412_aug197.jpg,3
IMG_20240128_144424_aug198.jpg,3
IMG_20240128_123224_aug199.jpg,3
IMG_20240128_111030_aug200.jpg,3
IMG_20240128_110925_aug201.jpg,3
IMG_20240128_144431_aug202.jpg,3
IMG_20240128_100454_aug203.jpg,3
IMG_20240128_123350_aug204.jpg,3
IMG_20240128_100404_aug205.jpg,3
IMG_20240128_144207_aug206.jpg,3
IMG_20240128_123319_aug207.jpg,3
IMG_20240128_100329_aug208.jpg,3
IMG_20240128_123333_aug209.jpg,3
IMG_20240128_111108_aug210.jpg,3
IMG_20240128_100534_aug211.jpg,3
IMG_20240128_144241_aug212.jpg,3
IMG_20240128_100428_aug213.jpg,3
IMG_20240128_144126_aug214.jpg,3
IMG_20240128_123325_aug215.jpg,3
IMG_20240128_144347_aug216.jpg,3
IMG_20240128_100604_aug217.jpg,3
IMG_20240128_100504_aug218.jpg,3
IMG_20240128_111022_aug219.jpg,3
IMG_20240128_123240_aug220.jpg,3
IMG_20240128_144216_aug221.jpg,3
IMG_20240128_111041_aug222.jpg,3
IMG_20240128_123346_aug223.jpg,3
IMG_20240128_144308_aug224.jpg,3
IMG_20240128_110918_aug225.jpg,3
IMG_20240128_111055_aug226.jpg,3
IMG_20240128_100408_aug227.jpg,3
IMG_20240128_144356_aug228.jpg,3
IMG_20240128_144447_aug229.jpg,3
IMG_20240128_100547_aug230.jpg,3
IMG_20240128_111117_aug231.jpg,3
IMG_20240128_123518_aug232.jpg,3
IMG_20240128_123257_aug233.jpg,3
IMG_20240128_100322_aug234.jpg,3
IMG_20240128_123214_aug235.jpg,3
IMG_20240128_144142_aug236.jpg,3
IMG_20240128_100618_aug237.jpg,3
IMG_20240128_144235_aug238.jpg,3
IMG_20240128_123307_aug239.jpg,3
IMG_20240128_123207_aug240.jpg,3
IMG_20240128_100339_aug241.jpg,3
IMG_20240128_100515_aug242.jpg,3
IMG_20240128_100417_aug243.jpg,3
IMG_20240128_110947_aug244.jpg,3
IMG_20240128_144412_aug245.jpg,3
IMG_20240128_144424_aug246.jpg,3
IMG_20240128_123224_aug247.jpg,3
IMG_20240128_111030_aug248.jpg,3
IMG_20240128_110925_aug249.jpg,3
IMG_20240128_144431_aug250.jpg,3
IMG_20240128_100454_aug251.jpg,3
IMG_20240128_123350_aug252.jpg,3
IMG_20240128_100404_aug253.jpg,3
IMG_20240128_144207_aug254.jpg,3
IMG_20240128_123319_aug255.jpg,3
IMG_20240128_100329_aug256.jpg,3
IMG_20240128_123333_aug257.jpg,3
IMG_20240128_111108_aug258.jpg,3
IMG_20240128_100534_aug259.jpg,3
IMG_20240128_144241_aug260.jpg,3
IMG_20240128_100428_aug261.jpg,3
IMG_20240128_144126_aug262.jpg,3
IMG_20240128_123325_aug263.jpg,3
IMG_20240128_144347_aug264.jpg,3
IMG_20240128_100604_aug265.jpg,3
IMG_20240128_100504_aug266.jpg,3
IMG_20240128_111022_aug267.jpg,3
IMG_20240128_123240_aug268.jpg,3
IMG_20240128_144216_aug269.jpg,3
IMG_20240128_111041_aug270.jpg,3
IMG_20240128_123346_aug271.jpg,3
IMG_20240128_144308_aug272.jpg,3
IMG_20240128_110918_aug273.jpg,3
IMG_20240128_111055_aug274.jpg,3
IMG_20240128_100408_aug275.jpg,3
IMG_20240128_144356_aug276.jpg,3
IMG_20240128_144447_aug277.jpg,3
IMG_20240128_100547_aug278.jpg,3
IMG_20240128_111117_aug279.jpg,3
IMG_20240128_123518_aug280.jpg,3
IMG_20240128_123257_aug281.jpg,3
IMG_20240128_100322_aug282.jpg,3
IMG_20240128_123214_aug283.jpg,3
IMG_20240128_144142_aug284.jpg,3
IMG_20240128_100618_aug285.jpg,3
IMG_20240128_144235_aug286.jpg,3
IMG_20240128_123307_aug287.jpg,3
IMG_20240128_123207_aug288.jpg,3
IMG_20240128_100339_aug289.jpg,3
IMG_20240128_100515_aug290.jpg,3
IMG_20240128_100417_aug291.jpg,3
IMG_20240128_110947_aug292.jpg,3
IMG_20240128_144412_aug293.jpg,3
IMG_20240128_144424_aug294.jpg,3
IMG_20240128_123224_aug295.jpg,3
IMG_20240128_111030_aug296.jpg,3
IMG_20240128_110925_aug297.jpg,3
IMG_20240128_144431_aug298.jpg,3
IMG_20240128_100454_aug299.jpg,3
IMG_20240128_123350_aug300.jpg,3
IMG_20240128_100404_aug301.jpg,3
IMG_20240128_144207_aug302.jpg,3
IMG_20240128_123319_aug303.jpg,3
IMG_20240128_100329_aug304.jpg,3
IMG_20240128_123333_aug305.jpg,3
IMG_20240128_111108_aug306.jpg,3
IMG_20240128_100534_aug307.jpg,3
IMG_20240128_144241_aug308.jpg,3
IMG_20240128_100428_aug309.jpg,3
IMG_20240128_144126_aug310.jpg,3
IMG_20240128_123325_aug311.jpg,3
IMG_20240128_144347_aug312.jpg,3
IMG_20240128_100604_aug313.jpg,3
IMG_20240128_100504_aug314.jpg,3
IMG_20240128_111022_aug315.jpg,3
IMG_20240128_123240_aug316.jpg,3
IMG_20240128_144216_aug317.jpg,3
IMG_20240128_111041_aug318.jpg,3
IMG_20240128_123346_aug319.jpg,3
IMG_20240128_144308_aug320.jpg,3
IMG_20240128_110918_aug321.jpg,3
IMG_20240128_111055_aug322.jpg,3
IMG_20240128_100408_aug323.jpg,3
IMG_20240128_144356_aug324.jpg,3
IMG_20240128_144447_aug325.jpg,3
IMG_20240128_100547_aug326.jpg,3
IMG_20240128_111117_aug327.jpg,3
IMG_20240128_123518_aug328.jpg,3
IMG_20240128_123257_aug329.jpg,3
IMG_20240128_100322_aug330.jpg,3
IMG_20240128_123214_aug331.jpg,3
IMG_20240128_144142_aug332.jpg,3
IMG_20240128_100618_aug333.jpg,3
IMG_20240128_144235_aug334.jpg,3
IMG_20240128_123307_aug335.jpg,3
IMG_20240128_123207_aug336.jpg,3
IMG_20240128_100339_aug337.jpg,3
IMG_20240128_100515_aug338.jpg,3
IMG_20240128_100417_aug339.jpg,3
IMG_20240128_110947_aug340.jpg,3
IMG_20240128_144412_aug341.jpg,3
IMG_20240128_144424_aug342.jpg,3
IMG_20240128_123224_aug343.jpg,3
IMG_20240128_111030_aug344.jpg,3
IMG_20240128_110925_aug345.jpg,3
IMG_20240128_144431_aug346.jpg,3
IMG_20240128_100454_aug347.jpg,3
IMG_20240128_123350_aug348.jpg,3
IMG_20240128_100404_aug349.jpg,3
IMG_20240128_144207_aug350.jpg,3
IMG_20240128_123319_aug351.jpg,3
IMG_20240128_100329_aug352.jpg,3
IMG_20240128_123333_aug353.jpg,3
IMG_20240128_111108_aug354.jpg,3
IMG_20240128_100534_aug355.jpg,3
IMG_20240128_144241_aug356.jpg,3
IMG_20240128_100428_aug357.jpg,3
IMG_20240128_144126_aug358.jpg,3
IMG_20240128_123325_aug359.jpg,3
IMG_20240128_144347_aug360.jpg,3
